image,plates_detected,best_yolo_confidence,plate_text,ocr_confidence,status
Cars0.png,1,0.8504,NO,0.9538,SUCCESS
Cars1.png,1,0.818,PGONN112,0.2318,SUCCESS
Cars10.png,1,0.7859,TN,0.9983,SUCCESS
Cars100.png,1,0.6821,,0,OCR_FAILED
Cars101.png,1,0.7569,HR26BC5514,0.9864,SUCCESS
Cars103.png,2,0.6688,WKIML,0.1616,SUCCESS
Cars104.png,1,0.7721,MGOLXB,0.8985,SUCCESS
Cars105.png,2,0.8131,JP76546,0.718,SUCCESS
Cars106.png,5,0.7571,,0,OCR_FAILED
Cars107.png,1,0.8169,20,0.9994,SUCCESS
Cars109.png,1,0.8694,CZI7KOD,0.9857,SUCCESS
Cars11.png,1,0.9147,NOR516K,0.3747,SUCCESS
Cars110.png,1,0.8188,FI,0.993,SUCCESS
Cars111.png,1,0.834,MH20EE7598,0.9623,SUCCESS
Cars112.png,1,0.8163,SHAKNBK,0.9887,SUCCESS
Cars113.png,1,0.8865,WASHINGTON,0.9996,SUCCESS
Cars115.png,1,0.7667,M666YOB,0.6186,SUCCESS
Cars116.png,1,0.8187,MK3532,0.9268,SUCCESS
Cars117.png,1,0.755,,0,OCR_FAILED
Cars118.png,1,0.804,JA6ZUAR,0.7151,SUCCESS
Cars12.png,1,0.8831,MH12B67237,0.5802,SUCCESS
Cars122.png,1,0.8025,CANISA,0.5602,SUCCESS
Cars123.png,1,0.793,HR26BC5514,0.9132,SUCCESS
Cars125.png,1,0.8178,RP,0.9953,SUCCESS
Cars126.png,1,0.903,KA,1.0,SUCCESS
Cars127.png,1,0.4999,S05,0.1184,SUCCESS
Cars129.png,1,0.8471,OPECLOL,0.9803,SUCCESS
Cars13.png,1,0.831,0U8216,0.3188,SUCCESS
Cars130.png,1,0.8185,HR26BR9044,0.9807,SUCCESS
Cars131.png,5,0.9542,BP,0.9999,SUCCESS
Cars132.png,3,0.8407,,0,OCR_FAILED
Cars133.png,1,0.8616,12685,0.3271,SUCCESS
Cars134.png,1,0.7759,L9TLC,0.6282,SUCCESS
Cars135.png,1,0.8068,F1232,0.7734,SUCCESS
Cars137.png,1,0.6747,,0,OCR_FAILED
Cars139.png,3,0.7345,,0,OCR_FAILED
Cars14.png,1,0.7075,ALR486,0.9989,SUCCESS
Cars140.png,1,0.8239,CHO1ANOOOI,0.536,SUCCESS
Cars141.png,1,0.71,Z,0.1122,SUCCESS
Cars142.png,1,0.8316,FI,0.9601,SUCCESS
Cars143.png,2,0.7695,IONZIOIT,0.1259,SUCCESS
Cars144.png,1,0.84,PEN15,0.9583,SUCCESS
Cars145.png,1,0.8239,CHO1ANOOOI,0.536,SUCCESS
Cars146.png,4,0.6291,,0,OCR_FAILED
Cars149.png,1,0.7559,QWI6263,0.274,SUCCESS
Cars15.png,1,0.7603,IL2YO6,0.0434,SUCCESS
Cars150.png,1,0.804,4850,1.0,SUCCESS
Cars152.png,1,0.7919,DL49AK49,0.99,SUCCESS
Cars153.png,1,0.8169,20,0.9994,SUCCESS
Cars154.png,1,0.8367,2662,1.0,SUCCESS
Cars155.png,1,0.7829,MCB025,0.9916,SUCCESS
Cars157.png,1,0.5803,PTB557K,0.1655,SUCCESS
Cars158.png,1,0.9063,695299,1.0,SUCCESS
Cars159.png,1,0.8238,DL7CN5617,0.8362,SUCCESS
Cars16.png,2,0.692,,0,OCR_FAILED
Cars161.png,1,0.7667,M666YOB,0.6186,SUCCESS
Cars162.png,1,0.7109,0XK3992,0.0639,SUCCESS
Cars163.png,1,0.7989,LR33TEE,0.9993,SUCCESS
Cars164.png,1,0.8671,GT,0.9985,SUCCESS
Cars165.png,1,0.7184,INZIAV1153,0.1542,SUCCESS
Cars166.png,1,0.8506,IMACAR,0.3904,SUCCESS
Cars168.png,1,0.7995,,0,OCR_FAILED
Cars169.png,1,0.838,PRIVATE,0.9997,SUCCESS
Cars17.png,1,0.7822,213,0.9992,SUCCESS
Cars171.png,1,0.831,0U8216,0.3188,SUCCESS
Cars173.png,2,0.8727,VIRGINIA,0.9837,SUCCESS
Cars174.png,3,0.6524,AC,0.0043,SUCCESS
Cars179.png,1,0.8339,4SZ1590,0.4341,SUCCESS
Cars18.png,1,0.7667,M666YOB,0.6186,SUCCESS
Cars180.png,1,0.8865,WASHINGTON,0.9996,SUCCESS
Cars181.png,1,0.8372,JHHAD,0.6272,SUCCESS
Cars182.png,1,0.7375,VI2LAF,0.9409,SUCCESS
Cars183.png,1,0.8581,BRIT0001,0.9999,SUCCESS
Cars185.png,1,0.8531,MFJ9000,0.3861,SUCCESS
Cars186.png,1,0.7697,26SPR4,0.5444,SUCCESS
Cars187.png,1,0.7075,ALR486,0.9989,SUCCESS
Cars188.png,1,0.4088,,0,OCR_FAILED
Cars189.png,1,0.8239,CHO1ANOOOI,0.536,SUCCESS
Cars190.png,1,0.8272,KL5442670,0.6033,SUCCESS
Cars191.png,1,0.7997,3380,1.0,SUCCESS
Cars192.png,1,0.8526,E4GLE,0.9995,SUCCESS
Cars193.png,1,0.6789,189VSM,0.1916,SUCCESS
Cars194.png,1,0.7686,MIE,0.1816,SUCCESS
Cars195.png,1,0.7232,02,0.4037,SUCCESS
Cars197.png,1,0.7989,LR33TEE,0.9993,SUCCESS
Cars198.png,1,0.8291,MHO1478866,0.7791,SUCCESS
Cars199.png,1,0.9537,INDI,0.5981,SUCCESS
Cars2.png,1,0.8333,PREAINLR,0.3496,SUCCESS
Cars20.png,1,0.6089,IO,0.0206,SUCCESS
Cars200.png,1,0.7997,3380,1.0,SUCCESS
Cars202.png,1,0.8176,KWID,0.9998,SUCCESS
Cars204.png,2,0.8616,NBYOND,0.9858,SUCCESS
Cars206.png,1,0.7829,HR26BU0380,0.7907,SUCCESS
Cars207.png,2,0.8083,K817GR,0.2665,SUCCESS
Cars209.png,1,0.7322,,0,OCR_FAILED
Cars21.png,1,0.8088,1RO,0.1494,SUCCESS
Cars210.png,1,0.9537,INDI,0.5981,SUCCESS
Cars213.png,1,0.8894,2,1.0,SUCCESS
Cars214.png,2,0.4392,,0,OCR_FAILED
Cars215.png,3,0.7148,CH9984,0.7281,SUCCESS
Cars216.png,1,0.8471,OPECLOL,0.9803,SUCCESS
Cars217.png,1,0.866,2011,1.0,SUCCESS
Cars218.png,1,0.8057,12525,0.9123,SUCCESS
Cars220.png,1,0.721,P055585,0.7973,SUCCESS
Cars221.png,2,0.7166,,0,OCR_FAILED
Cars222.png,1,0.7697,26SPR4,0.5444,SUCCESS
Cars223.png,3,0.7805,HA634,0.9476,SUCCESS
Cars224.png,1,0.6551,284U717,0.2205,SUCCESS
Cars225.png,1,0.804,JA6ZUAR,0.7151,SUCCESS
Cars226.png,1,0.7172,TN19514523,0.4852,SUCCESS
Cars227.png,1,0.6682,,0,OCR_FAILED
Cars229.png,1,0.5217,,0,OCR_FAILED
Cars230.png,1,0.7989,LR33TEE,0.9993,SUCCESS
Cars231.png,1,0.7982,GBI8TCE,0.7532,SUCCESS
Cars232.png,1,0.7764,13,0.8914,SUCCESS
Cars233.png,1,0.84,UP16TCIJOO,0.26,SUCCESS
Cars234.png,1,0.8099,IMAU555,0.5671,SUCCESS
Cars236.png,1,0.7851,,0,OCR_FAILED
Cars237.png,1,0.803,651L7,0.2054,SUCCESS
Cars24.png,1,0.7569,HR26BC5514,0.9864,SUCCESS
Cars240.png,1,0.8314,CD,0.9995,SUCCESS
Cars241.png,1,0.8015,3SAM123,0.7562,SUCCESS
Cars242.png,1,0.8333,PREAINLR,0.3496,SUCCESS
Cars243.png,1,0.9161,2784,1.0,SUCCESS
Cars244.png,1,0.9769,21780127,0.7101,SUCCESS
Cars245.png,1,0.8185,HR26BR9044,0.9807,SUCCESS
Cars246.png,1,0.797,TS,0.9924,SUCCESS
Cars247.png,1,0.7859,TN,0.9983,SUCCESS
Cars248.png,1,0.8058,MHI2DE1422,0.6344,SUCCESS
Cars250.png,1,0.818,PGONN112,0.2318,SUCCESS
Cars251.png,1,0.7815,WT,0.1344,SUCCESS
Cars253.png,1,0.6748,,0,OCR_FAILED
Cars254.png,1,0.8576,GOTZPOO,0.9534,SUCCESS
Cars255.png,1,0.8791,MH20EJ0364,0.9985,SUCCESS
Cars256.png,1,0.802,YD63LB,0.7476,SUCCESS
Cars257.png,1,0.8844,OKLA,0.9995,SUCCESS
Cars258.png,1,0.8045,5957,0.9437,SUCCESS
Cars26.png,1,0.8068,F1232,0.7734,SUCCESS
Cars260.png,1,0.7489,IMAU5333,0.6336,SUCCESS
Cars261.png,1,0.9886,D,0.9979,SUCCESS
Cars262.png,1,0.8171,ICYAKSY,0.3911,SUCCESS
Cars263.png,1,0.8078,02,1.0,SUCCESS
Cars264.png,1,0.8387,2010,0.9933,SUCCESS
Cars265.png,1,0.8261,M,0.9991,SUCCESS
Cars267.png,2,0.7601,4677222,0.2604,SUCCESS
Cars268.png,1,0.6951,UV3,0.0982,SUCCESS
Cars269.png,2,0.723,S,0.9108,SUCCESS
Cars27.png,1,0.8699,DZI7YXR,0.9774,SUCCESS
Cars270.png,1,0.7257,120182991,0.123,SUCCESS
Cars272.png,1,0.841,RXGIGDU,0.8615,SUCCESS
Cars273.png,1,0.8581,BRIT0001,0.9999,SUCCESS
Cars274.png,1,0.8025,CANISA,0.5602,SUCCESS
Cars275.png,1,0.7956,BHIMAR,0.5115,SUCCESS
Cars276.png,1,0.8694,CZI7KOD,0.9857,SUCCESS
Cars279.png,1,0.7825,MMN,0.9252,SUCCESS
Cars28.png,1,0.6864,QDI,0.0863,SUCCESS
Cars280.png,1,0.712,,0,OCR_FAILED
Cars282.png,1,0.9734,68361136,0.5785,SUCCESS
Cars283.png,4,0.6823,O4,0.5839,SUCCESS
Cars284.png,1,0.8367,2662,1.0,SUCCESS
Cars286.png,1,0.8533,MIDLYPH,0.9894,SUCCESS
Cars287.png,1,0.8238,DL7CN5617,0.8362,SUCCESS
Cars288.png,1,0.7956,BHIMAR,0.5115,SUCCESS
Cars29.png,1,0.8596,9214,0.9996,SUCCESS
Cars290.png,1,0.7146,04J,0.1173,SUCCESS
Cars291.png,0,0,,0,NO_PLATE
Cars293.png,1,0.7982,GBI8TCE,0.7532,SUCCESS
Cars294.png,1,0.8149,01CCIAO001,0.596,SUCCESS
Cars295.png,2,0.785,8544,0.9958,SUCCESS
Cars296.png,1,0.8614,145,1.0,SUCCESS
Cars297.png,1,0.8099,IMAU555,0.5671,SUCCESS
Cars298.png,1,0.8188,LAMBO,0.9946,SUCCESS
Cars299.png,1,0.8033,SDN7484U,0.9875,SUCCESS
Cars3.png,1,0.8699,DZI7YXR,0.9774,SUCCESS
Cars30.png,2,0.8131,JP76546,0.718,SUCCESS
Cars300.png,1,0.8068,F1232,0.7734,SUCCESS
Cars302.png,1,0.8654,50,1.0,SUCCESS
Cars303.png,1,0.8272,KL5442670,0.6033,SUCCESS
Cars305.png,1,0.8321,JU,0.9994,SUCCESS
Cars306.png,1,0.8681,LAWYER,0.7527,SUCCESS
Cars307.png,1,0.843,M906090K,0.999,SUCCESS
Cars308.png,1,0.793,HR26BC5514,0.9132,SUCCESS
Cars309.png,1,0.8124,EAB00OL,0.5485,SUCCESS
Cars31.png,1,0.802,YD63LB,0.7476,SUCCESS
Cars310.png,1,0.861,LGETOIL,0.6164,SUCCESS
Cars311.png,2,0.7497,N21418449,0.0977,SUCCESS
Cars313.png,1,0.878,NBEYOND,0.9991,SUCCESS
Cars314.png,1,0.8193,KPIV728,0.7522,SUCCESS
Cars315.png,1,0.9765,BJ,1.0,SUCCESS
Cars316.png,2,0.7724,2,1.0,SUCCESS
Cars317.png,1,0.7569,HR26BC5514,0.9864,SUCCESS
Cars319.png,1,0.8326,FALLYOU,0.9895,SUCCESS
Cars32.png,1,0.8025,CANISA,0.5602,SUCCESS
Cars320.png,1,0.8367,2662,1.0,SUCCESS
Cars321.png,1,0.8035,MO40,0.0334,SUCCESS
Cars322.png,1,0.805,700,1.0,SUCCESS
Cars323.png,1,0.885,TN99F2378,0.9998,SUCCESS
Cars324.png,1,0.7375,VI2LAF,0.9409,SUCCESS
Cars325.png,1,0.7197,,0,OCR_FAILED
Cars326.png,1,0.804,4850,1.0,SUCCESS
Cars327.png,1,0.818,PGONN112,0.2318,SUCCESS
Cars33.png,1,0.9217,AND,0.9223,SUCCESS
Cars330.png,4,0.8232,L5G800,0.0638,SUCCESS
Cars332.png,1,0.8699,DZI7YXR,0.9774,SUCCESS
Cars333.png,1,0.8791,MH20EJ0364,0.9985,SUCCESS
Cars334.png,1,0.7556,E8JOLA,0.6741,SUCCESS
Cars335.png,1,0.8749,INOTACOPF,0.1532,SUCCESS
Cars336.png,1,0.804,4850,1.0,SUCCESS
Cars337.png,2,0.4707,,0,OCR_FAILED
Cars338.png,2,0.4657,,0,OCR_FAILED
Cars339.png,1,0.7869,QPLATECOH,0.5986,SUCCESS
Cars34.png,1,0.8238,DL7CN5617,0.8362,SUCCESS
Cars340.png,1,0.7227,NXSJFUL,0.1236,SUCCESS
Cars341.png,1,0.797,TS,0.9924,SUCCESS
Cars342.png,1,0.8025,CANISA,0.5602,SUCCESS
Cars344.png,1,0.775,GOOGLE,0.9939,SUCCESS
Cars347.png,2,0.6732,,0,OCR_FAILED
Cars348.png,1,0.8124,EAB00OL,0.5485,SUCCESS
Cars35.png,1,0.7171,UOT,0.221,SUCCESS
Cars350.png,1,0.7078,F02,0.2046,SUCCESS
Cars351.png,1,0.8198,TEXAS,0.9202,SUCCESS
Cars352.png,4,0.7552,,0,OCR_FAILED
Cars353.png,1,0.7997,3380,1.0,SUCCESS
Cars354.png,1,0.7235,,0,OCR_FAILED
Cars355.png,1,0.8789,BKTP4665,0.7236,SUCCESS
Cars356.png,1,0.8674,BSMARTZ,0.6646,SUCCESS
Cars358.png,2,0.8204,P262FDX,0.9665,SUCCESS
Cars359.png,1,0.7831,BERE,0.1165,SUCCESS
Cars36.png,1,0.8533,MIDLYPH,0.9894,SUCCESS
Cars360.png,1,0.7353,IXO3,0.2541,SUCCESS
Cars362.png,4,0.5322,,0,OCR_FAILED
Cars363.png,1,0.8686,MAAAG,0.2184,SUCCESS
Cars365.png,1,0.8143,TN21BZ0768,0.9828,SUCCESS
Cars366.png,1,0.8169,20,0.9994,SUCCESS
Cars367.png,1,0.775,GOOGLE,0.9939,SUCCESS
Cars368.png,1,0.7764,13,0.8914,SUCCESS
Cars369.png,1,0.8055,15HLK10898,0.5265,SUCCESS
Cars37.png,1,0.8456,FAST,0.9897,SUCCESS
Cars370.png,1,0.8239,CHO1ANOOOI,0.536,SUCCESS
Cars371.png,1,0.7619,220,0.1962,SUCCESS
Cars372.png,1,0.8276,HRZGCE1L85,0.5296,SUCCESS
Cars373.png,1,0.7929,TN21BC6225,0.6848,SUCCESS
Cars375.png,1,0.8507,1A26,0.6344,SUCCESS
Cars376.png,1,0.8281,B2228HM,0.9976,SUCCESS
Cars377.png,1,0.8038,BYHAI136,0.115,SUCCESS
Cars379.png,1,0.8835,IKD,0.8754,SUCCESS
Cars38.png,1,0.8617,OHGBCKY,0.9522,SUCCESS
Cars380.png,1,0.6367,MBK,0.1492,SUCCESS
Cars381.png,1,0.8293,22089563,0.4872,SUCCESS
Cars383.png,1,0.7561,,0,OCR_FAILED
Cars388.png,1,0.8512,0,0.9066,SUCCESS
Cars389.png,1,0.82,AB,0.9999,SUCCESS
Cars39.png,1,0.8313,HH15BD8877,0.7017,SUCCESS
Cars390.png,2,0.8126,139,0.4063,SUCCESS
Cars391.png,1,0.8384,BKHLA324,0.6242,SUCCESS
Cars392.png,1,0.8172,649,0.7204,SUCCESS
Cars393.png,1,0.8261,M,0.9991,SUCCESS
Cars394.png,1,0.7502,MH12MR061J,0.4176,SUCCESS
Cars395.png,1,0.8171,ICYAKSY,0.3911,SUCCESS
Cars396.png,1,0.8506,EREAP3RI,0.7551,SUCCESS
Cars397.png,1,0.8596,9214,0.9996,SUCCESS
Cars398.png,1,0.7825,MMN,0.9252,SUCCESS
Cars399.png,1,0.9217,AND,0.9223,SUCCESS
Cars4.png,1,0.9765,PUI8BES,0.9966,SUCCESS
Cars40.png,1,0.8068,F1232,0.7734,SUCCESS
Cars400.png,1,0.6789,189VSM,0.1916,SUCCESS
Cars401.png,1,0.793,HR26BC5514,0.9132,SUCCESS
Cars402.png,1,0.8321,JU,0.9994,SUCCESS
Cars403.png,2,0.7401,,0,OCR_FAILED
Cars404.png,1,0.8444,BHR,0.4148,SUCCESS
Cars405.png,1,0.687,0IC3687,0.0646,SUCCESS
Cars406.png,1,0.8616,12685,0.3271,SUCCESS
Cars407.png,1,0.6985,,0,OCR_FAILED
Cars409.png,1,0.6945,RK9ZZAF,0.3695,SUCCESS
Cars41.png,1,0.8131,XNIZDBG,0.5481,SUCCESS
Cars410.png,1,0.9182,VIRGINIA,0.9993,SUCCESS
Cars411.png,1,0.8788,VIPER,1.0,SUCCESS
Cars413.png,2,0.795,8544,0.9282,SUCCESS
Cars414.png,1,0.8321,DRUNK,0.5953,SUCCESS
Cars415.png,1,0.8053,MH1ZNE8922,0.7538,SUCCESS
Cars416.png,1,0.7937,172,0.9984,SUCCESS
Cars417.png,1,0.8503,M,0.9998,SUCCESS
Cars418.png,1,0.9217,AND,0.9223,SUCCESS
Cars419.png,1,0.8835,IKD,0.8754,SUCCESS
Cars42.png,1,0.8038,BYHAI136,0.115,SUCCESS
Cars420.png,1,0.7752,SKIPGAS,0.9898,SUCCESS
Cars421.png,1,0.5925,,0,OCR_FAILED
Cars422.png,1,0.8894,MH,0.7909,SUCCESS
Cars423.png,1,0.8065,P3RVP,0.9568,SUCCESS
Cars424.png,1,0.9173,KA03,0.9999,SUCCESS
Cars425.png,1,0.7733,6526JHD,0.8464,SUCCESS
Cars426.png,2,0.8512,CRAIG,0.998,SUCCESS
Cars427.png,1,0.8749,01CCIAQ001,0.4385,SUCCESS
Cars43.png,1,0.8169,20,0.9994,SUCCESS
Cars430.png,1,0.8537,BCG,0.9193,SUCCESS
Cars431.png,1,0.9232,KL,0.9995,SUCCESS
Cars432.png,1,0.7919,DL49AK49,0.99,SUCCESS
Cars44.png,1,0.9728,IND,0.9999,SUCCESS
Cars45.png,1,0.8429,JIHGROOT,0.2527,SUCCESS
Cars46.png,1,0.8835,IKD,0.8754,SUCCESS
Cars47.png,2,0.8126,139,0.4063,SUCCESS
Cars49.png,1,0.7044,M028,0.0171,SUCCESS
Cars5.png,3,0.3408,,0,OCR_FAILED
Cars51.png,1,0.7171,YESB0SS,0.4871,SUCCESS
Cars52.png,1,0.8313,HH15BD8877,0.7017,SUCCESS
Cars53.png,1,0.831,CHIOOSE,0.9713,SUCCESS
Cars54.png,1,0.8282,LTM378,0.9988,SUCCESS
Cars55.png,1,0.8596,9214,0.9996,SUCCESS
Cars56.png,1,0.9232,KL,0.9995,SUCCESS
Cars57.png,1,0.8384,BKHLA324,0.6242,SUCCESS
Cars60.png,1,0.9431,OS,0.424,SUCCESS
Cars61.png,1,0.7825,MMN,0.9252,SUCCESS
Cars62.png,1,0.8873,KATTUP,0.51,SUCCESS
Cars63.png,1,0.7341,BI6,0.452,SUCCESS
Cars64.png,1,0.5894,TAXL,0.4034,SUCCESS
Cars65.png,1,0.8697,ORINNIE,0.3919,SUCCESS
Cars66.png,1,0.8596,9214,0.9996,SUCCESS
Cars67.png,1,0.7032,MA4BN7077,0.7323,SUCCESS
Cars68.png,1,0.831,0U8216,0.3188,SUCCESS
Cars7.png,1,0.7336,213,0.9999,SUCCESS
Cars70.png,1,0.7875,F41SG,0.0772,SUCCESS
Cars71.png,2,0.7522,,0,OCR_FAILED
Cars72.png,1,0.8238,DL7CN5617,0.8362,SUCCESS
Cars73.png,1,0.885,TN99F2378,0.9998,SUCCESS
Cars75.png,0,0,,0,NO_PLATE
Cars76.png,1,0.8841,EA,0.9999,SUCCESS
Cars77.png,1,0.8125,HR26CU6799,0.8603,SUCCESS
Cars78.png,1,0.8272,KL5442670,0.6033,SUCCESS
Cars79.png,1,0.861,LGETOIL,0.6164,SUCCESS
Cars82.png,1,0.84,UP16TCIJOO,0.26,SUCCESS
Cars83.png,1,0.8293,NEVADN,0.2689,SUCCESS
Cars84.png,1,0.7569,HR26BC5514,0.9864,SUCCESS
Cars85.png,2,0.7655,,0,OCR_FAILED
Cars86.png,1,0.7814,NH140X9937,0.5565,SUCCESS
Cars87.png,2,0.8333,USLAS,0.2612,SUCCESS
Cars88.png,1,0.7803,GS,0.4542,SUCCESS
Cars9.png,1,0.8291,MHO1478866,0.7791,SUCCESS
Cars90.png,1,0.6161,,0,OCR_FAILED
Cars91.png,1,0.7044,M028,0.0171,SUCCESS
Cars92.png,1,0.8453,IA,0.81,SUCCESS
Cars93.png,2,0.8087,,0,OCR_FAILED
Cars94.png,1,0.878,NBEYOND,0.9991,SUCCESS
Cars95.png,1,0.8453,IA,0.81,SUCCESS
Cars96.png,1,0.818,PGONN112,0.2318,SUCCESS
Cars97.png,1,0.903,KA,1.0,SUCCESS
Cars98.png,2,0.8915,VIORRY,0.2988,SUCCESS
Cars99.png,1,0.8367,2662,1.0,SUCCESS
N1.jpeg,1,0.7586,77ZFK8,0.999,SUCCESS
N100.jpeg,1,0.8682,HR26CT4063,0.7007,SUCCESS
N103.jpeg,1,0.7938,GP,0.9997,SUCCESS
N104.jpeg,1,0.8029,947,1.0,SUCCESS
N105.jpeg,1,0.7611,MH15TC554,0.8028,SUCCESS
N106.jpeg,1,0.8523,KL45LL55,0.8599,SUCCESS
N107.jpeg,1,0.5939,AU585,0.9964,SUCCESS
N108.jpeg,1,0.8404,KL1QA2111,0.7529,SUCCESS
N11.jpeg,1,0.8122,N28260,0.3447,SUCCESS
N110.jpeg,1,0.737,LH2OCS4938,0.3254,SUCCESS
N111.jpeg,1,0.8299,TNO7BV52O0,0.4174,SUCCESS
N114.jpeg,2,0.5377,BA,1.0,SUCCESS
N117.jpeg,1,0.85,9A01515,0.5614,SUCCESS
N118.jpeg,1,0.7824,CZ,0.9998,SUCCESS
N119.jpeg,2,0.9703,99,1.0,SUCCESS
N12.jpeg,1,0.7511,7XFT96,0.7891,SUCCESS
N121.jpeg,1,0.8162,IS08FM8888,0.9079,SUCCESS
N122.jpeg,1,0.8813,ND,0.952,SUCCESS
N123.jpeg,4,0.9605,ND,0.9887,SUCCESS
N124.jpeg,1,0.8198,KLEOK7361,0.1667,SUCCESS
N127.jpeg,1,0.8531,HR26DA2330,0.987,SUCCESS
N128.jpeg,1,0.8178,KLOIKLUKLOI,0.3834,SUCCESS
N130.jpeg,1,0.7438,B,0.941,SUCCESS
N131.jpeg,1,0.8476,UP168C1366,0.325,SUCCESS
N132.jpeg,2,0.8437,06,1.0,SUCCESS
N133.jpeg,1,0.7528,KA51AA3469,0.9562,SUCCESS
N134.jpeg,1,0.7725,AR02BP2454,0.6656,SUCCESS
N137.jpeg,1,0.8453,MI2OBN3525,0.7558,SUCCESS
N138.jpeg,1,0.9889,D,0.997,SUCCESS
N139.jpeg,1,0.8062,KL54H369,0.8707,SUCCESS
N14.jpeg,1,0.7743,NL,0.9996,SUCCESS
N140.jpeg,1,0.7912,IOZLF3339,0.274,SUCCESS
N141.jpeg,1,0.8725,HR99EXOTEMPJ6037,0.6105,SUCCESS
N142.jpeg,1,0.852,ITNZLAH1L13,0.496,SUCCESS
N144.jpeg,1,0.8159,IND,0.9813,SUCCESS
N145.jpeg,1,0.8664,50,1.0,SUCCESS
N147.jpeg,1,0.8222,GA08M5677,0.9904,SUCCESS
N149.jpeg,1,0.8079,MHZOBY3665,0.6389,SUCCESS
N15.jpeg,1,0.8632,NL,0.9997,SUCCESS
N150.jpeg,1,0.8467,IND,0.9844,SUCCESS
N151.jpeg,1,0.852,KLOZBFSOOO,0.6775,SUCCESS
N152.jpeg,1,0.9175,6662,1.0,SUCCESS
N153.jpeg,1,0.8694,2959,0.9994,SUCCESS
N154.jpeg,1,0.836,MH2ODJ0419,0.6269,SUCCESS
N155.jpeg,1,0.8928,HR26CT6702,0.9994,SUCCESS
N156.jpeg,1,0.8084,WKZUTC830,0.1413,SUCCESS
N158.jpeg,1,0.7795,KA51MJ2143,0.9906,SUCCESS
N16.jpeg,2,0.7676,NL,0.9843,SUCCESS
N160.jpeg,2,0.8465,KA01,0.9945,SUCCESS
N162.jpeg,1,0.8563,KL09,0.5007,SUCCESS
N164.jpeg,1,0.8441,VO,0.7631,SUCCESS
N165.jpeg,1,0.8421,HHZOCS9817,0.5934,SUCCESS
N167.jpeg,1,0.9089,AV,0.9999,SUCCESS
N168.jpeg,1,0.7945,MHOBBS7778,0.5307,SUCCESS
N169.jpeg,1,0.8738,IND,1.0,SUCCESS
N17.jpeg,2,0.7342,8SHG12,0.9904,SUCCESS
N170.jpeg,1,0.7839,HR26,0.9597,SUCCESS
N172.jpeg,1,0.845,KLIOAV6633,0.8149,SUCCESS
N173.jpeg,4,0.8812,583,1.0,SUCCESS
N174.jpeg,1,0.8732,KL10AV6633,0.8889,SUCCESS
N176.jpeg,1,0.803,MH14ICF460,0.8155,SUCCESS
N178.jpeg,1,0.816,CP,0.9997,SUCCESS
N179.jpeg,1,0.7692,AP20M3107,0.4661,SUCCESS
N18.jpeg,1,0.6933,GS084V,0.9999,SUCCESS
N183.jpeg,1,0.828,MH20EE7601,0.8559,SUCCESS
N185.jpeg,1,0.8382,MHD3BS7778,0.4014,SUCCESS
N186.jpeg,1,0.7851,AF6363,0.9976,SUCCESS
N187.jpeg,1,0.8554,IND,0.9996,SUCCESS
N188.jpeg,1,0.6961,GB9320,0.4279,SUCCESS
N189.jpeg,1,0.9122,TN7LAL5074,0.7636,SUCCESS
N190.jpeg,1,0.8559,KA,0.9952,SUCCESS
N191.jpeg,1,0.8863,9239,1.0,SUCCESS
N192.jpeg,1,0.788,KL53E964,0.9953,SUCCESS
N193.jpeg,1,0.8337,12,1.0,SUCCESS
N195.jpeg,1,0.7685,TN,0.9966,SUCCESS
N196.jpeg,1,0.8334,TN45BA1065,0.4513,SUCCESS
N197.jpeg,1,0.8265,04,0.9992,SUCCESS
N198.jpeg,1,0.8236,KLO7B8599,0.35,SUCCESS
N2.jpeg,1,0.8431,NL,0.9999,SUCCESS
N20.jpeg,1,0.731,JP5481,0.6992,SUCCESS
N200.jpeg,1,0.9077,KLO1KLKLO1,0.9487,SUCCESS
N201.jpeg,1,0.8202,HR26BR9044,0.6861,SUCCESS
N202.jpeg,1,0.8705,MHH14EH79587,0.3244,SUCCESS
N203.jpeg,1,0.8216,UP16TC2805,0.998,SUCCESS
N204.jpeg,1,0.8809,KL13AA6340,0.744,SUCCESS
N205.jpeg,1,0.8451,MH20EE7598,0.9599,SUCCESS
N206.jpeg,1,0.8311,HR26CR3302,0.9954,SUCCESS
N208.jpeg,1,0.8676,MHF14TCDF204,0.3015,SUCCESS
N209.jpeg,1,0.8487,KL2SB2001,0.897,SUCCESS
N21.jpeg,1,0.823,56ZFDL,0.9993,SUCCESS
N210.jpeg,1,0.8517,KA197R6021201042011,0.3524,SUCCESS
N211.jpeg,1,0.8416,R12714IB,0.3107,SUCCESS
N215.jpeg,1,0.8175,02,1.0,SUCCESS
N216.jpeg,1,0.8551,KL,1.0,SUCCESS
N217.jpeg,1,0.8509,MHH14EH79587,0.3399,SUCCESS
N218.jpeg,1,0.8185,MMH20CS1941,0.4769,SUCCESS
N22.jpeg,1,0.7425,TPGRS,0.06,SUCCESS
N220.jpeg,1,0.8522,MH2BN3525,0.8196,SUCCESS
N221.jpeg,1,0.8514,HR26DA0471,0.9964,SUCCESS
N222.jpeg,1,0.8593,KA21,0.9179,SUCCESS
N224.jpeg,1,0.829,MHO1478866,0.7125,SUCCESS
N225.jpeg,1,0.768,KYI9,0.9992,SUCCESS
N226.jpeg,1,0.9151,KL1GAV6342,0.7733,SUCCESS
N227.jpeg,1,0.8019,KL,1.0,SUCCESS
N229.jpeg,1,0.9515,VALD,0.61,SUCCESS
N23.jpeg,1,0.7406,84PLFJ,0.9984,SUCCESS
N230.jpeg,1,0.8305,MHO2CT2727,0.6197,SUCCESS
N231.jpeg,1,0.7599,MH1STC554,0.5856,SUCCESS
N232.jpeg,1,0.8196,MDL3CAY2231,0.7728,SUCCESS
N233.jpeg,1,0.8701,TN99F2378,0.8196,SUCCESS
N234.jpeg,1,0.8715,HR26TC5856,0.6297,SUCCESS
N235.jpeg,4,0.9705,05,1.0,SUCCESS
N236.jpeg,1,0.7758,TC,0.9969,SUCCESS
N237.jpeg,1,0.85,9A01515,0.5614,SUCCESS
N238.jpeg,1,0.8496,MH20EE7597,0.5954,SUCCESS
N239.jpeg,1,0.9031,MH20EE7598,0.9878,SUCCESS
N24.jpeg,1,0.8344,84JKJSF7,0.3318,SUCCESS
N240.jpeg,1,0.8174,TN09CH7770,0.8529,SUCCESS
N241.jpeg,1,0.8048,KVSZCKC,0.7952,SUCCESS
N242.jpeg,1,0.8085,MH20DV2362,0.9979,SUCCESS
N244.jpeg,1,0.8587,KLO5AK3300,0.811,SUCCESS
N245.jpeg,1,0.8338,MH06AW8929,0.9286,SUCCESS
N246.jpeg,1,0.8173,8929,1.0,SUCCESS
N247.jpeg,1,0.811,TN07BU5L27,0.84,SUCCESS
N248.jpeg,1,0.7596,TNO9TC0131,0.9021,SUCCESS
N28.jpeg,1,0.775,77ZFK8,0.9951,SUCCESS
N30.jpeg,1,0.7237,RK361S,0.8455,SUCCESS
N31.jpeg,1,0.7653,J628B,0.9952,SUCCESS
N32.jpeg,1,0.8506,6241GH,0.9687,SUCCESS
N33.jpeg,1,0.7874,NL,0.9984,SUCCESS
N36.jpeg,1,0.8481,GL395X,0.7324,SUCCESS
N37.jpeg,1,0.8068,32TRK3,0.9693,SUCCESS
N38.jpeg,1,0.8244,NL,0.9796,SUCCESS
N4.jpeg,1,0.8446,NL,1.0,SUCCESS
N40.jpeg,1,0.7619,DLGCAB123X,0.9421,SUCCESS
N42.jpeg,1,0.8603,IN59401515,0.7885,SUCCESS
N43.jpeg,1,0.7973,KA03AB,0.9999,SUCCESS
N45.jpeg,1,0.8351,HR26BP3543,0.8572,SUCCESS
N46.jpeg,1,0.7299,AJ,0.9728,SUCCESS
N48.jpeg,1,0.8568,HRZGDK6475,0.3849,SUCCESS
N5.jpeg,1,0.8321,77EZFK8,0.3161,SUCCESS
N50.jpeg,1,0.9541,HH14DT8831,0.6945,SUCCESS
N51.jpeg,1,0.7202,HRZGCK8571,0.6054,SUCCESS
N52.jpeg,1,0.8608,HR696969,0.9811,SUCCESS
N53.jpeg,1,0.8639,IND,0.9492,SUCCESS
N57.jpeg,1,0.8605,KL55R2473,0.9639,SUCCESS
N58.jpeg,1,0.857,MH20CS1941,0.9248,SUCCESS
N59.jpeg,1,0.857,MH20EE7597,0.8142,SUCCESS
N6.jpeg,2,0.7897,PH792N,0.8885,SUCCESS
N61.jpeg,1,0.8835,TK52U1580,0.3666,SUCCESS
N62.jpeg,1,0.8243,MK,0.6604,SUCCESS
N63.jpeg,1,0.8064,7099,1.0,SUCCESS
N66.jpeg,1,0.8305,16J3636,0.9999,SUCCESS
N68.jpeg,1,0.7815,5274,0.9998,SUCCESS
N69.jpeg,1,0.7815,46,1.0,SUCCESS
N7.jpeg,1,0.8018,NL,0.9961,SUCCESS
N73.jpeg,1,0.7798,HHI2DE1433,0.4651,SUCCESS
N75.jpeg,1,0.8226,JH,0.988,SUCCESS
N78.jpeg,1,0.8741,KLO1AX8000,0.3343,SUCCESS
N79.jpeg,1,0.7665,4019,1.0,SUCCESS
N8.jpeg,1,0.827,NL,1.0,SUCCESS
N80.jpeg,1,0.8176,MIHA20EE045,0.5805,SUCCESS
N81.jpeg,1,0.8004,GJ,1.0,SUCCESS
N82.jpeg,1,0.7888,MH14ICF460,0.715,SUCCESS
N84.jpeg,1,0.81,1351,0.8498,SUCCESS
N85.jpeg,1,0.7926,HR26,0.9998,SUCCESS
N86.jpeg,1,0.8015,1,0.9256,SUCCESS
N88.jpeg,3,0.8012,CR,0.9997,SUCCESS
N89.jpeg,1,0.8609,BU5207,0.9999,SUCCESS
N9.jpeg,1,0.9229,206,1.0,SUCCESS
N90.jpeg,1,0.8477,KLGON5344,0.7327,SUCCESS
N93.jpeg,1,0.8566,49,1.0,SUCCESS
N94.jpeg,1,0.8664,TN07BU5427,0.468,SUCCESS
N95.jpeg,2,0.9593,MH12,0.8671,SUCCESS
N96.jpeg,1,0.881,TN38BW1139,0.8038,SUCCESS
N97.jpeg,1,0.8028,BN,0.9772,SUCCESS
N98.jpeg,1,0.7994,MH14EH5819,0.7944,SUCCESS
N99.jpeg,1,0.9086,MHD3BS7778,0.372,SUCCESS
Cars102.png,1,0.9734,68361136,0.5785,SUCCESS
Cars108.png,1,0.8291,MHO1478866,0.7791,SUCCESS
Cars114.png,5,0.9542,BP,0.9999,SUCCESS
Cars119.png,3,0.621,,0,OCR_FAILED
Cars120.png,1,0.8281,B2228HM,0.9976,SUCCESS
Cars121.png,1,0.5822,D9,0.1265,SUCCESS
Cars124.png,4,0.739,,0,OCR_FAILED
Cars128.png,1,0.9217,AND,0.9223,SUCCESS
Cars136.png,1,0.8278,E474,0.5522,SUCCESS
Cars138.png,1,0.2925,BL,0.9994,SUCCESS
Cars147.png,1,0.8504,NO,0.9538,SUCCESS
Cars148.png,1,0.7559,MH01FBBA550,0.2417,SUCCESS
Cars151.png,1,0.7695,DL3CBD,0.611,SUCCESS
Cars156.png,1,0.838,PRIVATE,0.9997,SUCCESS
Cars160.png,1,0.7869,QPLATECOH,0.5986,SUCCESS
Cars167.png,1,0.8055,15HLK10898,0.5265,SUCCESS
Cars170.png,1,0.6165,9U,0.3389,SUCCESS
Cars172.png,1,0.657,09,0.9968,SUCCESS
Cars175.png,1,0.638,DL,0.9978,SUCCESS
Cars176.png,2,0.8894,2012,0.9998,SUCCESS
Cars177.png,1,0.8322,GOOD,0.9981,SUCCESS
Cars178.png,1,0.8281,5228922,0.4151,SUCCESS
Cars184.png,1,0.7233,SWICT,0.2781,SUCCESS
Cars19.png,1,0.866,2011,1.0,SUCCESS
Cars196.png,1,0.3919,,0,OCR_FAILED
Cars201.png,1,0.7989,LR33TEE,0.9993,SUCCESS
Cars203.png,1,0.8694,CZI7KOD,0.9857,SUCCESS
Cars205.png,1,0.8749,INOTACOPF,0.1532,SUCCESS
Cars208.png,1,0.8767,V8,0.993,SUCCESS
Cars211.png,3,0.9696,F,0.9997,SUCCESS
Cars212.png,1,0.7953,KL65H4383,0.963,SUCCESS
Cars219.png,1,0.9173,KA03,0.9999,SUCCESS
Cars22.png,1,0.8027,MAMRAJ,0.2394,SUCCESS
Cars228.png,2,0.7615,,0,OCR_FAILED
Cars23.png,1,0.8596,9214,0.9996,SUCCESS
Cars235.png,1,0.8431,6J03JL0126,0.6577,SUCCESS
Cars238.png,1,0.8453,IA,0.81,SUCCESS
Cars239.png,1,0.8055,15HLK10898,0.5265,SUCCESS
Cars249.png,1,0.7707,KA42H0832,0.2459,SUCCESS
Cars25.png,1,0.8038,BYHAI136,0.115,SUCCESS
Cars252.png,1,0.8428,DAN54P,0.9995,SUCCESS
Cars259.png,1,0.834,MH20EE7598,0.9623,SUCCESS
Cars266.png,3,0.7148,CH9984,0.7281,SUCCESS
Cars271.png,1,0.7171,YESB0SS,0.4871,SUCCESS
Cars277.png,2,0.6145,,0,OCR_FAILED
Cars278.png,1,0.4528,I8863,0.1112,SUCCESS
Cars281.png,1,0.8349,MH01DB0001,0.2357,SUCCESS
Cars285.png,1,0.8185,HR26BR9044,0.9807,SUCCESS
Cars289.png,1,0.8271,5320,0.3953,SUCCESS
Cars292.png,1,0.7171,UOT,0.221,SUCCESS
Cars301.png,1,0.7733,6526JHD,0.8464,SUCCESS
Cars304.png,1,0.8493,HNYCHIL3,0.7222,SUCCESS
Cars312.png,1,0.9765,PUI8BES,0.9966,SUCCESS
Cars318.png,1,0.7075,ALR486,0.9989,SUCCESS
Cars328.png,1,0.8099,IMAU555,0.5671,SUCCESS
Cars329.png,1,0.8233,L6M,0.177,SUCCESS
Cars331.png,1,0.5946,MR26CB189,0.4989,SUCCESS
Cars343.png,1,0.7752,SKIPGAS,0.9898,SUCCESS
Cars345.png,1,0.6767,OHGMOOV,0.4073,SUCCESS
Cars346.png,1,0.7997,3380,1.0,SUCCESS
Cars349.png,1,0.8548,PY56BXUE,0.3038,SUCCESS
Cars357.png,1,0.7171,UOT,0.221,SUCCESS
Cars361.png,1,0.8865,WASHINGTON,0.9996,SUCCESS
Cars364.png,1,0.7695,DL3CBD,0.611,SUCCESS
Cars374.png,1,0.7993,S7JDI,0.4879,SUCCESS
Cars378.png,1,0.7287,414,0.8472,SUCCESS
Cars382.png,2,0.8512,CRAIG,0.998,SUCCESS
Cars384.png,1,0.767,DX,0.9634,SUCCESS
Cars385.png,2,0.8894,2012,0.9998,SUCCESS
Cars386.png,1,0.82,AB,0.9999,SUCCESS
Cars387.png,1,0.7957,HR26AZ5927,0.994,SUCCESS
Cars408.png,1,0.5575,,0,OCR_FAILED
Cars412.png,1,0.7989,LR33TEE,0.9993,SUCCESS
Cars428.png,1,0.8699,DZI7YXR,0.9774,SUCCESS
Cars429.png,1,0.8419,KAISER,1.0,SUCCESS
Cars48.png,1,0.7075,ALR486,0.9989,SUCCESS
Cars50.png,1,0.9765,PUI8BES,0.9966,SUCCESS
Cars58.png,1,0.8349,MH01DB0001,0.2357,SUCCESS
Cars59.png,2,0.7084,MHGEC,0.1104,SUCCESS
Cars6.png,1,0.941,07,1.0,SUCCESS
Cars69.png,1,0.7613,KWID,0.9926,SUCCESS
Cars74.png,1,0.8694,CZI7KOD,0.9857,SUCCESS
Cars8.png,1,0.7733,6526JHD,0.8464,SUCCESS
Cars80.png,1,0.8503,M,0.9998,SUCCESS
Cars81.png,2,0.7509,,0,OCR_FAILED
Cars89.png,3,0.5723,SM,0.2082,SUCCESS
N101.jpeg,1,0.8616,WOBONP300,0.5376,SUCCESS
N102.jpeg,1,0.855,IUH02BM6048,0.4314,SUCCESS
N109.jpeg,1,0.8235,TS09,1.0,SUCCESS
N112.jpeg,1,0.7917,MH20EE7598,0.9759,SUCCESS
N113.jpeg,2,0.8257,KA,0.9993,SUCCESS
N116.jpeg,1,0.8537,HR26DA0471,0.9937,SUCCESS
N120.jpeg,1,0.7397,HRZ6D4S,0.0621,SUCCESS
N126.jpeg,1,0.766,HP,0.9999,SUCCESS
N129.jpeg,1,0.8207,DL7CN5617,0.5965,SUCCESS
N135.jpeg,1,0.9084,GJW115A1138,0.9716,SUCCESS
N136.jpeg,1,0.8222,SRIDURGAAUTOMOBILES,0.7482,SUCCESS
N143.jpeg,1,0.794,TN,0.9982,SUCCESS
N148.jpeg,1,0.8467,TCF300,0.9998,SUCCESS
N163.jpeg,1,0.8082,WB74X7605Z,0.3688,SUCCESS
N166.jpeg,1,0.8765,KL12G7531,0.9016,SUCCESS
N171.jpeg,2,0.9872,INDI,0.9387,SUCCESS
N175.jpeg,1,0.737,LH2OCS4938,0.3254,SUCCESS
N177.jpeg,2,0.8505,MH14TCF459,0.9903,SUCCESS
N181.jpeg,1,0.7557,01,0.8932,SUCCESS
N184.jpeg,1,0.9349,6J05JD9759,0.6307,SUCCESS
N19.jpeg,1,0.8123,5RGLA,0.3097,SUCCESS
N199.jpeg,1,0.7258,VR280F5868,0.302,SUCCESS
N207.jpeg,1,0.8348,0943,1.0,SUCCESS
N212.jpeg,1,0.8384,PBOBAGIT18979,0.7158,SUCCESS
N213.jpeg,1,0.8529,MH2OBYLL6S,0.3416,SUCCESS
N214.jpeg,1,0.7964,MH14TCE4,0.9189,SUCCESS
N219.jpeg,3,0.9369,IH12DE1433,0.9629,SUCCESS
N223.jpeg,0,0,,0,NO_PLATE
N25.jpeg,1,0.815,PJ323K,0.8485,SUCCESS
N27.jpeg,1,0.8125,NL,0.9999,SUCCESS
N3.jpeg,1,0.8344,94FDTJ,0.9874,SUCCESS
N34.jpeg,1,0.7782,NL,1.0,SUCCESS
N35.jpeg,1,0.8087,VBJ87T,0.7636,SUCCESS
N44.jpeg,1,0.8217,KA510J8156,0.263,SUCCESS
N47.jpeg,1,0.8174,HR99HAQTEMPI4575,0.2962,SUCCESS
N49.jpeg,1,0.8255,HR26CH3604,1.0,SUCCESS
N54.jpeg,1,0.7923,5274,0.8696,SUCCESS
N56.jpeg,1,0.795,DL3CAY9324,0.8726,SUCCESS
N64.jpeg,1,0.3071,I05972,0.1006,SUCCESS
N65.jpeg,1,0.5821,HR26BU0375,0.9094,SUCCESS
N67.jpeg,1,0.8754,2344,1.0,SUCCESS
N70.jpeg,1,0.8007,3380,1.0,SUCCESS
N72.jpeg,1,0.8357,MHOLDH8351,0.5266,SUCCESS
N74.jpeg,1,0.8869,MH12JC2813,0.9883,SUCCESS
N77.jpeg,1,0.7645,HR,1.0,SUCCESS
N91.jpeg,1,0.7842,MH2OCS4946,0.9899,SUCCESS
N92.jpeg,1,0.971,KL10AW2814,0.6956,SUCCESS
