frame,timestamp,plate,yolo_confidence,ocr_confidence,final_confidence,x1,y1,x2,y2
5,0.083,NA3NRU,0.6011,0.7626,0.7438,939,1788,1218,1872
5,0.083,W5LSU,0.5953,0.2889,0.3223,2400,1575,2595,1641
10,0.167,UOSU,0.5767,0.1837,0.2186,2403,1584,2589,1650
10,0.167,NAIJNRU,0.553,0.6479,0.6036,948,1812,1212,1881
15,0.25,LEISU,0.5738,0.1323,0.1826,2406,1602,2592,1665
15,0.25,NAJNRU,0.5435,0.7171,0.652,921,1824,1203,1911
20,0.333,WNSU,0.611,0.5566,0.4796,2412,1620,2598,1689
20,0.333,NAJNRU,0.5362,0.6734,0.6367,915,1842,1206,1929
25,0.417,NAIJNRU,0.6284,0.57,0.5763,912,1869,1194,1956
25,0.417,WSSU,0.5248,0.2988,0.2991,2412,1629,2598,1695
30,0.5,MAIJNRU,0.7046,0.6766,0.6236,912,1887,1182,1983
30,0.5,CSSU,0.6059,0.45,0.405,2418,1644,2601,1710
35,0.583,NAI3NRU,0.5993,0.5155,0.5708,897,1908,1173,1992
35,0.583,CSSU,0.4576,0.4978,0.4217,2412,1671,2604,1734
40,0.667,CVSVSU,0.7272,0.3532,0.3973,2424,1677,2613,1746
40,0.667,NAI3NRU,0.5583,0.6395,0.6142,876,1926,1170,2010
45,0.75,LSSU,0.7145,0.2604,0.2723,2427,1686,2625,1755
45,0.75,NAIJNRU,0.5548,0.9419,0.654,870,1953,1170,2040
50,0.833,NAIJNRU,0.6205,0.9889,0.701,870,1968,1161,2055
50,0.833,W5SU,0.583,0.1476,0.2234,2430,1719,2628,1782
55,0.917,NVSISU,0.6516,0.4613,0.4729,2430,1725,2634,1797
55,0.917,NAIJNRU,0.5589,0.7166,0.6912,858,1998,1161,2103
60,1.0,LUSIVSU,0.6081,0.2409,0.3186,2439,1746,2634,1809
60,1.0,NAIJNRU,0.5575,0.967,0.7138,846,2019,1155,2115
65,1.083,NSSU,0.6002,0.4524,0.4067,2439,1770,2634,1830
65,1.083,NAI3NRU,0.5951,0.4247,0.5786,840,2052,1140,2133
70,1.167,LSICSU,0.6536,0.3193,0.3735,2436,1776,2649,1848
70,1.167,NAIJNRU,0.542,0.3644,0.6697,828,2067,1149,2157
75,1.25,THU,0.6863,0.2068,0.2348,2445,1794,2646,1866
75,1.25,GX150GJ,0.3611,0.1892,0.3725,1338,1404,1542,1479
80,1.333,TT,0.6638,0.0577,0.1304,2445,1815,2652,1884
80,1.333,GXI50GJ,0.399,0.5144,0.6001,1332,1416,1503,1479
85,1.417,CSU,0.6448,0.2112,0.2378,2457,1830,2658,1905
85,1.417,GXIS0GJ,0.5462,0.5643,0.605,1323,1419,1509,1491
90,1.5,CSSU,0.643,0.3063,0.3826,2460,1863,2673,1926
90,1.5,GXIS0GJ,0.3828,0.6805,0.6457,1308,1431,1503,1512
95,1.583,LSSU,0.7424,0.1591,0.2368,2466,1872,2682,1947
95,1.583,GXIS0GJ,0.4905,0.5391,0.6262,1326,1449,1503,1521
100,1.667,DNSU,0.6893,0.122,0.1754,2466,1893,2679,1965
105,1.75,LSU,0.6376,0.1048,0.1634,2478,1914,2688,1980
105,1.75,GXIS0GJ,0.4247,0.8184,0.6654,1311,1473,1497,1539
110,1.833,CU,0.6471,0.4903,0.4332,2475,1935,2694,2001
115,1.917,TTHH,0.5916,0.1514,0.196,2490,1959,2700,2031
115,1.917,GXISOGJ,0.5042,0.56,0.542,1293,1500,1488,1563
120,2.0,HLSIVSU,0.5222,0.3116,0.3681,2487,1974,2709,2043
125,2.083,MSU,0.688,0.2426,0.2598,2493,1998,2718,2070
125,2.083,GXISOGJ,0.6096,0.837,0.6389,1287,1521,1479,1587
130,2.167,CSU,0.708,0.5541,0.3579,2499,2013,2730,2091
130,2.167,GXIS0GJ,0.4815,0.7531,0.6797,1290,1536,1473,1611
130,2.167,AP05,0.4085,0.2427,0.3499,2199,1242,2343,1317
135,2.25,MU,0.6261,0.3387,0.3271,2508,2037,2730,2115
135,2.25,GXIS0GJ,0.3727,0.4416,0.653,1278,1548,1473,1614
140,2.333,CCNSU,0.64,0.2561,0.2692,2520,2061,2742,2139
140,2.333,GXISOGJ,0.5277,0.7738,0.6565,1275,1566,1473,1641
145,2.417,GLUSISU,0.4586,0.2892,0.3524,2529,2088,2742,2160
145,2.417,GXISOGJ,0.4264,0.7643,0.6636,1278,1581,1455,1656
150,2.5,GXISOGJ,0.5192,0.6408,0.6506,1269,1596,1449,1656
155,2.583,GXISOGJ,0.5462,0.7824,0.6585,1260,1617,1452,1683
160,2.667,405,0.4464,0.1167,0.1717,2199,1296,2340,1365
160,2.667,Q,0.4061,0.4381,0.3667,1347,1197,1503,1266
160,2.667,GXISOGJ,0.4027,0.7679,0.6626,1245,1623,1434,1689
165,2.75,GXI5OGJ,0.4633,0.6433,0.6603,1239,1641,1446,1707
165,2.75,AF05,0.3995,0.2159,0.3311,2190,1305,2340,1371
170,2.833,GXIS0GJ,0.5035,0.6299,0.6527,1239,1650,1449,1734
175,2.917,GXISOGJ,0.4751,0.6747,0.6576,1242,1680,1431,1758
180,3.0,GXI5OGJ,0.4182,0.5927,0.6426,1236,1695,1434,1755
185,3.083,GXI0GJ,0.5128,0.9798,0.8959,1227,1710,1434,1776
190,3.167,GXI50GJ,0.6351,0.3714,0.55,1227,1722,1416,1803
190,3.167,A05,0.3713,0.6629,0.614,2205,1338,2373,1422
190,3.167,,0.3554,0.0,0.3554,1329,1242,1491,1308
195,3.25,GXI5OGJ,0.494,0.6577,0.6519,1215,1740,1410,1803
195,3.25,GXI50GJ,0.3767,0.7271,0.6163,1212,1728,1428,1809
200,3.333,GXISOGJ,0.5522,0.7641,0.6606,1212,1758,1422,1830
200,3.333,APDSJJEQ,0.405,0.269,0.3983,2214,1365,2373,1437
205,3.417,GXISOCJ,0.5051,0.6653,0.6157,1194,1785,1395,1848
210,3.5,GXISOGJ,0.4952,0.8337,0.6679,1191,1800,1398,1872
210,3.5,AROSUJEQ,0.4578,0.2608,0.3925,2217,1392,2391,1464
215,3.583,GXISOCJ,0.6066,0.8264,0.6721,1191,1815,1401,1902
215,3.583,AP05JEQ,0.3561,0.1694,0.3586,2214,1401,2397,1470
220,3.667,GXISOGJ,0.388,0.9598,0.6819,1182,1830,1401,1905
220,3.667,KEEA,0.3817,0.0463,0.1224,1302,1290,1479,1350
225,3.75,GXISOGJ,0.569,0.4799,0.6656,1182,1857,1410,1932
225,3.75,KSZI,0.5655,0.3884,0.3619,1296,1296,1473,1362
225,3.75,A805WJE0,0.542,0.1677,0.3874,2223,1422,2385,1494
230,3.833,GXISOGJ,0.5699,0.6866,0.6629,1161,1875,1368,1944
230,3.833,L0SJLO,0.4326,0.0618,0.2233,2229,1431,2427,1506
230,3.833,K4S,0.3868,0.2194,0.2736,1299,1299,1461,1362
235,3.917,A05JEQ,0.6702,0.3195,0.4337,2232,1437,2424,1515
235,3.917,GXISOCJ,0.6379,0.4378,0.6002,1155,1899,1362,1977
240,4.0,GXISOGJ,0.606,0.8338,0.6679,1146,1923,1356,1992
240,4.0,AP05NJEQ,0.3593,0.6082,0.7257,2235,1458,2391,1524
245,4.083,AP05NEQ,0.5434,0.3909,0.5136,2238,1467,2439,1542
245,4.083,GXIS0GJ,0.4515,0.6659,0.6556,1137,1941,1356,2016
250,4.167,GXISOGJ,0.5371,0.7908,0.6703,1125,1965,1341,2043
250,4.167,QA,0.5179,0.2051,0.2336,1287,1341,1449,1407
250,4.167,AP05JEQ,0.3683,0.4936,0.4721,2241,1476,2415,1545
255,4.25,AP05EJEQ,0.7173,0.281,0.4967,2235,1485,2418,1554
255,4.25,DI5Z,0.397,0.1114,0.228,1275,1347,1443,1410
260,4.333,AP05LJEQ,0.5893,0.1721,0.4205,2232,1485,2430,1566
260,4.333,L5Z,0.4895,0.1876,0.2513,1269,1362,1443,1416
260,4.333,GXISOGJ,0.4039,0.8219,0.6738,1110,2010,1332,2091
265,4.417,AP05NJEQI,0.5248,0.0744,0.3521,2241,1512,2427,1584
265,4.417,LCV,0.4507,0.2032,0.2323,2496,1998,2748,2106
265,4.417,R5A,0.4204,0.0706,0.1694,1257,1371,1437,1437
265,4.417,GXIS0GJ,0.3537,0.909,0.6768,1104,2049,1320,2118
270,4.5,GXISOCJ,0.5842,0.5647,0.5865,1086,2070,1305,2145
270,4.5,LCV,0.5573,0.717,0.4121,2490,2031,2757,2121
270,4.5,K52X,0.5191,0.2284,0.3099,1248,1383,1428,1443
275,4.583,F0527,0.6379,0.1864,0.2805,1245,1386,1434,1452
275,4.583,AP05EJEO,0.637,0.1273,0.3891,2250,1527,2472,1605
275,4.583,LHJVCV,0.5629,0.1573,0.2601,2505,2061,2757,2151
275,4.583,LHJVCV,0.5345,0.994,0.553,2496,2025,2769,2154
280,4.667,KX,0.6684,0.2145,0.2402,1236,1392,1425,1458
280,4.667,APOSEJEO,0.6375,0.2278,0.3694,2253,1536,2466,1620
280,4.667,LENC,0.3763,0.1931,0.2252,2511,2073,2766,2160
285,4.75,AP05JEO,0.5479,0.6567,0.6997,2262,1557,2454,1626
285,4.75,KHOSEZ,0.4037,0.3085,0.366,1245,1410,1416,1470
290,4.833,KHOSZZK,0.4098,0.3455,0.3918,1224,1416,1407,1485
290,4.833,AP05JEO,0.3647,0.6759,0.7064,2256,1566,2460,1638
295,4.917,AP05JE0,0.6601,0.4582,0.5608,2262,1575,2466,1650
295,4.917,COSZZK,0.6255,0.4895,0.4926,1230,1431,1410,1500
300,5.0,LSZZK,0.6549,0.1945,0.2262,1221,1437,1407,1506
300,5.0,A05UJEO,0.5226,0.1719,0.3303,2265,1593,2469,1671
305,5.083,AP0SJE0,0.6284,0.6579,0.6705,2268,1608,2478,1683
305,5.083,EZX,0.6209,0.2819,0.2873,1230,1452,1395,1512
310,5.167,AP05JEO,0.657,0.5814,0.6866,2274,1617,2478,1695
310,5.167,KHSZZK,0.5425,0.3172,0.3721,1209,1464,1395,1533
315,5.25,AP05EJ80,0.7116,0.1968,0.4377,2277,1626,2478,1704
315,5.25,KOSZZ,0.5395,0.2313,0.2519,1200,1473,1395,1542
320,5.333,AP05EJEO,0.71,0.2149,0.4198,2280,1644,2475,1719
320,5.333,CESZK,0.7083,0.1006,0.1604,1197,1482,1392,1551
325,5.417,KO5ZZK,0.7427,0.2778,0.4045,1188,1491,1386,1560
330,5.5,AP05NJE0,0.702,0.6918,0.7842,2280,1674,2508,1758
330,5.5,HESZX,0.5203,0.1538,0.1976,1185,1509,1389,1578
335,5.583,AP05J60,0.7242,0.3422,0.4795,2292,1695,2499,1773
335,5.583,KRUSZZK,0.6564,0.2448,0.3213,1185,1515,1383,1587
340,5.667,DK,0.7025,0.2065,0.2346,1188,1530,1383,1596
345,5.75,DA,0.7714,0.215,0.2405,1182,1539,1374,1608
345,5.75,AR05JJEO,0.7625,0.3318,0.5323,2292,1719,2517,1803
350,5.833,AP05NEQ,0.6548,0.1289,0.4219,2307,1740,2511,1818
350,5.833,05,0.5672,0.6572,0.55,1179,1560,1377,1626
355,5.917,K052I,0.5851,0.1188,0.2332,1170,1572,1359,1641
355,5.917,A205JEO,0.5642,0.2601,0.3921,2301,1764,2526,1848
360,6.0,K052ZK,0.7019,0.4149,0.5004,1161,1581,1362,1653
360,6.0,AP05JEQ,0.6095,0.3661,0.4801,2313,1773,2520,1848
365,6.083,KOZU,0.6809,0.1086,0.166,1161,1599,1353,1671
365,6.083,AP05NJLO,0.6653,0.1639,0.4147,2316,1791,2538,1866
370,6.167,AP05JJE0,0.7162,0.3509,0.5456,2322,1806,2562,1887
370,6.167,RHOSZZK,0.6296,0.5407,0.5285,1149,1614,1353,1683
375,6.25,KHOSZZK,0.7858,0.7423,0.5307,1140,1626,1350,1695
375,6.25,AP05EJEQ,0.717,0.3487,0.5204,2322,1821,2568,1911
380,6.333,KNQSZZK,0.7543,0.358,0.4006,1140,1638,1341,1704
380,6.333,AP0SUJEO,0.6177,0.2573,0.4501,2328,1845,2577,1923
385,6.417,APOSJEO,0.6821,0.4626,0.4738,2328,1863,2580,1944
385,6.417,KHOSZZK,0.5759,0.64,0.5531,1137,1665,1335,1731
390,6.5,KHEZK,0.7587,0.7103,0.5872,1131,1674,1335,1749
390,6.5,AP0SJEQ,0.6294,0.3346,0.4442,2343,1881,2577,1962
395,6.583,LP05U60,0.6789,0.1589,0.3512,2346,1902,2577,1995
395,6.583,KHO52I,0.5753,0.0719,0.2903,1116,1689,1317,1758
400,6.667,KNOEZZK,0.6576,0.3061,0.3643,1107,1707,1311,1779
400,6.667,AP05JEQ,0.5843,0.4776,0.5037,2361,1917,2568,1998
400,6.667,AP05JE0,0.384,0.5937,0.6082,2346,1902,2583,2013
405,6.75,KNOSZZK,0.7451,0.189,0.2823,1095,1722,1308,1791
405,6.75,4205UJE0,0.455,0.3943,0.546,2355,1938,2601,2010
410,6.833,KISK,0.8293,0.3719,0.3503,1089,1731,1299,1800
410,6.833,A205UJEQ,0.6757,0.161,0.3827,2367,1959,2622,2040
415,6.917,KHOSZZK,0.6666,0.9835,0.6245,1083,1755,1296,1830
415,6.917,A215KJEQ,0.5384,0.1454,0.3718,2370,1989,2625,2064
420,7.0,HOSZ,0.8165,0.2005,0.2303,1071,1773,1290,1845
420,7.0,AP05JEQ,0.5916,0.4547,0.5146,2379,2004,2610,2076
425,7.083,KHOSZZK,0.7593,0.2786,0.5686,1068,1785,1275,1863
425,7.083,AP05JEO,0.5566,0.4889,0.6605,2388,2019,2625,2100
430,7.167,KROSZZK,0.7061,0.3078,0.3654,1050,1803,1266,1878
430,7.167,AP05JEO,0.5829,0.7411,0.6802,2397,2052,2664,2127
435,7.25,CHOSZZK,0.7614,0.2038,0.2927,1041,1821,1260,1893
435,7.25,AP05JE0,0.479,0.5461,0.6129,2400,2070,2676,2145
440,7.333,EHOEZK,0.5776,0.221,0.3047,1038,1845,1251,1920
445,7.417,HOSZ,0.7392,0.1561,0.2148,1023,1869,1245,1941
450,7.5,KH05Z76,0.7183,0.1,0.31,1017,1881,1233,1962
455,7.583,K40S24K,0.7764,0.2011,0.3508,1005,1899,1227,1977
460,7.667,LWZL,0.6363,0.1085,0.1659,999,1920,1215,1995
460,7.667,VR0ZKD,0.3612,0.1183,0.2928,2454,1671,2643,1740
465,7.75,KH05ZZK,0.54,0.5263,0.6084,987,1950,1209,2019
470,7.833,KHDSZZK,0.7465,0.5976,0.5683,975,1962,1209,2037
470,7.833,DT,0.4341,0.1731,0.2112,2460,1692,2652,1767
475,7.917,COSIZK,0.6105,0.3358,0.3851,963,1989,1194,2070
475,7.917,UR02FKD,0.5115,0.3194,0.4636,2472,1716,2664,1794
480,8.0,KOSZZK,0.7296,0.1506,0.2554,954,2010,1194,2088
480,8.0,IQD,0.5515,0.1713,0.2099,2475,1725,2664,1806
485,8.083,KH05ZIK,0.6073,0.495,0.5865,945,2031,1179,2112
485,8.083,WROZFKD,0.3513,0.3101,0.3671,2475,1737,2679,1821
490,8.167,M5,0.6952,0.2102,0.2671,939,2052,1176,2133
490,8.167,WR02FKD,0.5641,0.7278,0.7495,2475,1767,2682,1839
495,8.25,KN05ZZK,0.6025,0.498,0.5886,933,2073,1158,2154
495,8.25,WRO2FKD,0.5566,0.3521,0.4565,2478,1779,2682,1851
500,8.333,LOXD,0.4207,0.1504,0.1953,2481,1797,2688,1881
505,8.417,LOXO,0.5224,0.1493,0.1945,2478,1824,2694,1893
510,8.5,LO2FK0,0.6307,0.213,0.3591,2490,1842,2691,1926
515,8.583,LO2E,0.6057,0.3952,0.4266,2490,1866,2703,1935
515,8.583,EY6IBG,0.5219,0.223,0.3661,2520,1437,2694,1506
520,8.667,L2ED,0.5151,0.2879,0.3215,2499,1875,2715,1947
525,8.75,LOE,0.4872,0.1526,0.1968,2508,1905,2724,1974
530,8.833,WRO2FK,0.6178,0.3181,0.4327,2508,1917,2730,1992
535,8.917,LT,0.5059,0.1766,0.2136,2520,1941,2733,2022
535,8.917,E76INBG,0.4058,0.1179,0.2925,2547,1479,2697,1542
540,9.0,WROZFKD,0.6044,0.3087,0.3666,2526,1968,2742,2043
545,9.083,IOFW,0.5146,0.1457,0.192,2535,1983,2751,2073
545,9.083,,0.4119,0.0,0.4119,2547,1473,2682,1542
545,9.083,,0.4098,0.0,0.4098,2547,1491,2697,1557
545,9.083,JIAZHY,0.3614,0.7189,0.6533,1176,1875,1332,1950
550,9.167,FIAZHY,0.6104,0.6009,0.5707,1116,1884,1317,1962
550,9.167,IOW,0.5737,0.5021,0.4414,2541,2013,2766,2085
555,9.25,EGINBG,0.5876,0.7505,0.6754,2556,1521,2727,1590
555,9.25,FJIAZHY,0.5247,0.3695,0.4086,1110,1908,1305,1974
555,9.25,UROZFKD,0.3917,0.7576,0.6803,2553,2031,2772,2103
560,9.333,FJAZHY,0.685,0.1715,0.2701,1089,1920,1305,1998
560,9.333,WROZFKD,0.6004,0.7671,0.4734,2562,2061,2787,2136
560,9.333,EY6INB,0.3945,0.583,0.6181,2550,1527,2688,1593
560,9.333,EY61FEG,0.3511,0.3158,0.461,2550,1533,2724,1599
565,9.417,FJKAZHY,0.6198,0.1909,0.2837,1080,1947,1302,2022
565,9.417,EYGINBG,0.3732,0.9582,0.8207,2556,1545,2727,1611
570,9.5,RJAZHY,0.7951,0.4952,0.4966,1068,1962,1299,2043
570,9.5,EY6INBG,0.491,0.6233,0.6463,2562,1572,2745,1638
575,9.583,EY6INBG,0.6663,0.4994,0.603,2568,1584,2742,1644
575,9.583,FJAZHY,0.5715,0.9296,0.5354,1071,1989,1290,2064
580,9.667,FJIAZHY,0.7,0.6951,0.5226,1065,2007,1287,2085
580,9.667,EYGINBG,0.4749,0.6792,0.7231,2568,1596,2739,1653
585,9.75,FJAZHY,0.6148,0.6622,0.5614,1056,2025,1272,2103
585,9.75,EYGINBG,0.3802,0.8913,0.74,2574,1605,2742,1662
590,9.833,FJAZHY,0.6633,0.4007,0.5287,1041,2052,1266,2127
590,9.833,EXGINBG,0.3956,0.428,0.4496,2568,1626,2760,1686
595,9.917,FISZHY,0.6182,0.4349,0.4544,1032,2076,1251,2154
595,9.917,EYGINBG,0.5166,0.7419,0.7223,2574,1629,2775,1704
600,10.0,FZH,0.4657,0.9083,0.7258,1032,2103,1242,2160
605,10.083,EYGINBG,0.5148,0.4118,0.6655,2586,1665,2775,1731
610,10.167,EYGINBG,0.6536,0.7413,0.6661,2580,1674,2781,1746
615,10.25,EYGINBG,0.5945,0.6788,0.6602,2589,1689,2781,1755
615,10.25,EGLNBG,0.5043,0.8659,0.7561,2589,1656,2781,1755
620,10.333,EYGINBG,0.5098,0.3508,0.6271,2601,1713,2781,1779
625,10.417,EEINBG,0.6725,0.6169,0.5818,2604,1731,2790,1797
630,10.5,E6INBG,0.4467,0.7223,0.6856,2616,1746,2790,1809
635,10.583,E6INBG,0.6512,0.7557,0.6973,2613,1773,2820,1833
640,10.667,E6INBG,0.5829,0.7904,0.7093,2616,1782,2826,1848
645,10.75,E6INBG,0.3632,0.4379,0.6536,2625,1800,2820,1866
650,10.833,EGLNBG,0.6091,0.3697,0.5825,2628,1818,2826,1884
655,10.917,EYGINBG,0.4669,0.3603,0.6022,2646,1833,2832,1896
655,10.917,EYSINBG,0.4289,0.4738,0.4817,2649,1803,2823,1893
660,11.0,BEINBG,0.5908,0.1618,0.2633,2637,1869,2841,1926
665,11.083,LGINBG,0.6006,0.5057,0.504,2646,1878,2847,1941
670,11.167,EYGINBG,0.4045,0.3459,0.5812,2649,1899,2865,1968
675,11.25,EGINBG,0.6211,0.8752,0.719,2661,1920,2874,1989
680,11.333,EYGINBG,0.5978,0.9423,0.6019,2664,1935,2874,1998
685,11.417,EYGINBG,0.6836,0.7595,0.6086,2667,1962,2880,2031
690,11.5,EYGINBG,0.6265,0.7705,0.6148,2673,1983,2883,2043
690,11.5,EYSINBG,0.5647,0.5419,0.5055,2676,1959,2880,2043
690,11.5,HNIA,0.4215,0.5752,0.4926,2400,1635,2520,1707
695,11.583,EY6INBG,0.5837,0.3598,0.5559,2685,2010,2892,2073
695,11.583,EY6INBG,0.3581,0.5783,0.5706,2685,1995,2907,2079
700,11.667,EGLNBG,0.5418,0.6279,0.5848,2685,2022,2916,2091
705,11.75,EYGINBG,0.5331,0.8453,0.6238,2700,2031,2919,2118
710,11.833,EYGINBG,0.4915,0.9206,0.6352,2709,2073,2925,2142
715,11.917,WOBTHVF,0.5287,0.3319,0.3824,1128,1698,1305,1770
725,12.083,LIHVE,0.3615,0.1734,0.2114,1128,1719,1305,1797
730,12.167,HNIA,0.4312,0.4721,0.4565,2427,1770,2559,1836
730,12.167,LQBHVF,0.3889,0.5643,0.545,1110,1740,1293,1806
735,12.25,HNIA,0.3914,0.8299,0.528,2430,1791,2565,1857
740,12.333,HNI4,0.3806,0.8327,0.7329,2424,1806,2565,1869
745,12.417,LQBHVF,0.3545,0.1879,0.4133,1074,1791,1260,1866
750,12.5,LJT,0.5131,0.2688,0.2781,1065,1809,1272,1878
755,12.583,WODHVF,0.5708,0.0744,0.2021,1059,1815,1266,1905
755,12.583,KICI,0.4612,0.6635,0.5544,2445,1860,2616,1935
760,12.667,VDBHVE,0.4463,0.0805,0.2063,1032,1836,1245,1908
765,12.75,WQBHVE,0.5537,0.2679,0.3375,1038,1857,1245,1932
765,12.75,HNRC,0.4249,0.1705,0.2094,2445,1896,2619,1980
770,12.833,KCT,0.5886,0.2142,0.2399,2460,1917,2613,1983
770,12.833,VO0HVE,0.5848,0.1428,0.31,1029,1875,1236,1950
775,12.917,VQ8HVF,0.678,0.3247,0.4373,1023,1896,1218,1971
775,12.917,HNA,0.4904,0.296,0.2972,2466,1944,2616,2007
780,13.0,VOBHVF,0.6456,0.963,0.8241,996,1914,1215,1989
780,13.0,HNIACI,0.3805,0.3265,0.3786,2481,1962,2625,2034
785,13.083,VOBHVF,0.6382,0.6912,0.729,990,1932,1200,2007
785,13.083,HNACD,0.6349,0.4347,0.3943,2478,1980,2646,2052
785,13.083,NQBHVF,0.3624,0.3228,0.376,981,1923,1212,2022
790,13.167,VOBHVF,0.7403,0.8239,0.7282,975,1947,1194,2022
790,13.167,HNIACD,0.485,0.4628,0.474,2478,1998,2652,2067
795,13.25,WOBHHUE,0.7505,0.2675,0.3373,960,1968,1191,2043
795,13.25,LLCD,0.5789,0.1276,0.1793,2490,2019,2655,2097
800,13.333,LDBIHVE,0.5544,0.1379,0.2465,957,1986,1173,2070
805,13.417,LBHVE,0.6756,0.3335,0.3235,936,2010,1164,2097
805,13.417,HCD,0.5926,0.4733,0.4213,2487,2067,2718,2151
810,13.5,WOHVF,0.5522,0.346,0.3322,933,2031,1152,2109
810,13.5,HNACDY,0.3982,0.7192,0.6535,2505,2082,2727,2160
815,13.583,WOHVF,0.6541,0.3903,0.3477,921,2055,1146,2130
820,13.667,VOBHVF,0.6249,0.7109,0.7081,918,2076,1134,2148
820,13.667,0G65USJ,0.5358,0.3348,0.4443,2571,1623,2763,1695
830,13.833,0G6SUSJ,0.373,0.0942,0.2459,2577,1650,2766,1725
830,13.833,MSQJ,0.3694,0.4902,0.4331,1170,1506,1326,1563
835,13.917,BG65USJ,0.5988,0.6674,0.7072,2574,1665,2775,1743
840,14.0,BG6SSJ,0.4699,0.5549,0.5984,2574,1677,2778,1761
845,14.083,BG6SUSJ,0.4722,0.7546,0.7382,2580,1695,2775,1770
855,14.25,BG6SUSJ,0.586,0.6657,0.7071,2583,1725,2793,1806
855,14.25,MSAKGJ,0.4392,0.5454,0.5318,1134,1554,1299,1608
860,14.333,BG6SUSJ,0.5258,0.8406,0.7375,2574,1743,2781,1812
865,14.417,BG65USJ,0.7336,0.8169,0.7595,2583,1764,2790,1842
870,14.5,BG65USJ,0.7107,0.6673,0.742,2574,1776,2790,1851
875,14.583,BG65USJ,0.4516,0.4333,0.6924,2577,1797,2799,1875
880,14.667,8G65USJ,0.7252,0.6186,0.643,2580,1815,2790,1884
885,14.75,8G65USJ,0.6171,0.5148,0.6067,2583,1827,2805,1908
890,14.833,BG65USJ,0.6671,0.4503,0.6649,2574,1848,2793,1926
895,14.917,1BG6SUSJ,0.6583,0.3858,0.5101,2583,1872,2805,1950
900,15.0,BG6SUSJ,0.5995,0.4934,0.692,2577,1887,2793,1968
900,15.0,MSKG,0.368,0.3217,0.3152,1086,1650,1257,1710
905,15.083,BG6SUSJ,0.6672,0.5461,0.6721,2580,1911,2793,1986
910,15.167,BG65U5J,0.6618,0.4402,0.5482,2586,1923,2808,2004
915,15.25,BG65USJ,0.511,0.408,0.6417,2580,1947,2799,2019
915,15.25,MSKGJ,0.3581,0.5016,0.4411,1071,1683,1242,1749
920,15.333,1G65US,0.6366,0.3376,0.4463,2586,1968,2811,2046
920,15.333,MAS4KGJ,0.4042,0.4282,0.5098,1071,1695,1248,1752
925,15.417,BG65U5J,0.7074,0.5433,0.5842,2577,1992,2808,2067
930,15.5,18565USJ,0.6871,0.1703,0.3892,2589,2013,2820,2088
935,15.583,8G65USJ,0.5161,0.3176,0.5486,2592,2031,2814,2106
940,15.667,05G5USJ,0.7031,0.224,0.3668,2592,2058,2823,2133
945,15.75,0G65US,0.6159,0.8034,0.7724,2598,2070,2820,2154
950,15.833,AK64OLV,0.4855,0.359,0.4913,1287,1422,1449,1491
960,16.0,AK64OHM,0.3633,0.1466,0.3426,1254,1440,1446,1509
970,16.167,AKBADHV,0.4622,0.3041,0.3628,1260,1461,1431,1527
970,16.167,MSKD,0.3586,0.5548,0.4784,1026,1833,1230,1899
975,16.25,,0.4097,0.0,0.4097,2397,1635,3063,1905
975,16.25,LK6E,0.3817,0.1011,0.2207,1251,1464,1428,1530
980,16.333,AKBADHV,0.4438,0.5513,0.4494,1248,1479,1437,1539
980,16.333,WGAKGI,0.3709,0.2033,0.2923,1014,1866,1206,1935
980,16.333,,0.366,0.0,0.366,2397,1641,3072,1935
985,16.417,AKGAOHV,0.4938,0.1041,0.2228,1236,1485,1425,1551
985,16.417,MSKGJ,0.4636,0.4446,0.4212,1023,1884,1206,1950
990,16.5,AK64DHV,0.4354,0.2381,0.4067,1224,1491,1422,1560
995,16.583,AKSADH,0.5731,0.29,0.353,1230,1500,1410,1572
1000,16.667,AKEADHV,0.4868,0.2122,0.2986,1218,1509,1407,1581
1005,16.75,,0.5479,0.0,0.5479,2403,1764,3111,2064
1005,16.75,KKBADHV,0.4345,0.2915,0.3541,1212,1524,1398,1587
1010,16.833,AKBADLV,0.675,0.3209,0.3746,1209,1530,1401,1593
1010,16.833,,0.3821,0.0,0.3821,2406,1755,3126,2076
1015,16.917,AKEADMV,0.7192,0.2873,0.3511,1194,1536,1398,1608
1015,16.917,MSAKGJ,0.5214,0.1552,0.3952,984,1980,1197,2049
1015,16.917,,0.488,0.0,0.488,2412,1827,3150,2103
1020,17.0,AKBADHV,0.5602,0.2106,0.3987,1191,1554,1392,1620
1020,17.0,,0.5039,0.0,0.5039,2421,1824,3162,2118
1025,17.083,AK64DH,0.5543,0.123,0.3261,1188,1560,1389,1629
1030,17.167,LKBIDHV,0.6644,0.0981,0.2187,1185,1575,1392,1638
1030,17.167,NSSAKGJ,0.3739,0.101,0.2207,975,2031,1191,2097
1035,17.25,LKBADHY,0.7437,0.056,0.1892,1173,1581,1383,1656
1035,17.25,NGKUJ,0.4269,0.1716,0.2101,969,2055,1194,2121
1040,17.333,AKBADHV,0.7163,0.1699,0.3663,1182,1593,1371,1665
1040,17.333,WEKCD,0.3797,0.1445,0.1912,969,2061,1191,2139
1045,17.417,KKEADHV,0.6125,0.3916,0.4241,1161,1608,1362,1680
1050,17.5,AKBADLV,0.6061,0.3153,0.3727,1158,1623,1353,1686
1055,17.583,AK6ADLV,0.7253,0.2522,0.3866,1146,1629,1359,1701
1060,17.667,4K64DHV,0.6704,0.4624,0.5336,1146,1647,1353,1716
1065,17.75,LKEAOHV,0.6385,0.1859,0.2801,1137,1656,1365,1731
1065,17.75,E0DZ,0.444,0.4131,0.4091,2496,1530,2682,1593
1070,17.833,AKEADNV,0.7647,0.2206,0.3044,1140,1665,1344,1737
1075,17.917,AK64DL,0.8785,0.0863,0.3004,1131,1680,1341,1755
1075,17.917,EFODZI,0.7676,0.1779,0.2745,2496,1545,2685,1608
1080,18.0,KKEADIV,0.7087,0.1432,0.2502,1137,1698,1341,1770
1080,18.0,EFODZL,0.6285,0.3995,0.4297,2502,1557,2682,1620
1085,18.083,AKEADL,0.7332,0.0551,0.1886,1125,1701,1344,1785
1085,18.083,EF0DZT,0.6471,0.1226,0.2958,2502,1566,2682,1635
1090,18.167,AKBADLV,0.7708,0.3152,0.372,1122,1719,1335,1791
1090,18.167,EF0DZT,0.6367,0.2615,0.3444,2508,1578,2691,1641
1095,18.25,DHY,0.7724,0.6503,0.5452,1104,1728,1320,1800
1095,18.25,EFL0DZT,0.7006,0.1484,0.3139,2517,1584,2697,1653
1100,18.333,EFIQ0ZT,0.7433,0.0988,0.2791,2514,1590,2697,1659
1100,18.333,4K6,0.7412,0.3646,0.3752,1113,1749,1317,1818
1105,18.417,AK6ADHV,0.7748,0.109,0.2863,1098,1761,1311,1833
1105,18.417,EFODZL,0.6595,0.3511,0.4127,2511,1608,2697,1677
1110,18.5,LKEADNV,0.8573,0.0988,0.2192,1092,1773,1311,1848
1110,18.5,EF10DZL,0.6332,0.1368,0.3358,2517,1620,2697,1686
1115,18.583,EFODZL,0.7171,0.436,0.4269,2523,1626,2700,1695
1115,18.583,KKBAOLV,0.6803,0.2096,0.2967,1098,1788,1317,1866
1120,18.667,AKBAOLV,0.8033,0.1631,0.2642,1092,1800,1311,1878
1120,18.667,EFODZL,0.6356,0.5941,0.4616,2526,1632,2703,1704
1125,18.75,AKEAOLIV,0.8626,0.2559,0.3891,1086,1821,1305,1893
1125,18.75,EFIQDZT,0.8142,0.1509,0.2557,2529,1647,2703,1719
1130,18.833,AKBADLV,0.8746,0.3015,0.3693,1080,1830,1296,1905
1130,18.833,EFODZL,0.5851,0.2967,0.4409,2526,1662,2724,1734
1130,18.833,AKBADHV,0.4558,0.5944,0.4062,1074,1821,1302,1923
1135,18.917,AKBADLV,0.791,0.1773,0.3502,1071,1848,1293,1923
1135,18.917,EFODZT,0.7685,0.4103,0.4372,2532,1674,2721,1746
1140,19.0,KKSADLV,0.8434,0.0924,0.2147,1071,1866,1296,1941
1140,19.0,EFODZT,0.6339,0.8536,0.5924,2526,1689,2730,1758
1145,19.083,AKBADMV,0.8024,0.2428,0.3199,1062,1881,1293,1950
1145,19.083,EFODZT,0.6261,0.792,0.6297,2535,1701,2721,1764
1145,19.083,LKEADMV,0.3647,0.0482,0.1837,1056,1872,1302,1971
1150,19.167,AKBADMV,0.7629,0.6315,0.456,1059,1890,1290,1974
1150,19.167,EFODZT,0.5805,0.5897,0.613,2532,1713,2733,1782
1155,19.25,LKE4DMV,0.7818,0.1497,0.3148,1053,1908,1278,1986
1155,19.25,EFODZT,0.6546,0.4494,0.5833,2532,1725,2733,1797
1160,19.333,4KE4OIWV,0.8138,0.0688,0.2882,1044,1926,1263,1998
1160,19.333,EFODZU,0.6908,0.4503,0.4652,2532,1740,2733,1806
1160,19.333,AKB4DV,0.4321,0.287,0.4109,1047,1917,1275,2019
1165,19.417,AKEADHV,0.7709,0.4039,0.3656,1050,1941,1269,2022
1165,19.417,EFODZU,0.5764,0.4732,0.4732,2535,1755,2739,1833
1170,19.5,4K64DHV,0.7818,0.1823,0.4356,1032,1965,1263,2037
1170,19.5,EFQDZT,0.76,0.3378,0.3864,2538,1770,2739,1842
1175,19.583,KKE4DMV,0.7138,0.1735,0.3315,1026,1977,1257,2052
1175,19.583,EFODZT,0.5771,0.4657,0.5654,2538,1782,2742,1854
1175,19.583,AKEADHV,0.4449,0.3362,0.3722,1017,1965,1260,2070
1180,19.667,AKBADLV,0.7419,0.0995,0.3285,1026,1995,1251,2073
1180,19.667,EFODZL,0.7242,0.1733,0.4126,2541,1800,2745,1872
1185,19.75,AKBADHV,0.8197,0.328,0.4018,1017,2013,1245,2088
1185,19.75,EFO0ZT,0.7165,0.2444,0.3811,2547,1809,2751,1881
1190,19.833,EFODZT,0.6491,0.2048,0.5265,2541,1821,2751,1899
1190,19.833,LKEAOHV,0.641,0.288,0.3159,1014,2028,1245,2106
1195,19.917,EF0DZT,0.6996,0.629,0.4464,2556,1845,2757,1917
1195,19.917,AKB4DHV,0.6921,0.1618,0.3232,1005,2052,1242,2133
1200,20.0,EF0DZT,0.746,0.6019,0.4926,2559,1857,2760,1929
1200,20.0,LKG4DMV,0.7002,0.1571,0.32,1005,2067,1227,2145
1200,20.0,,0.3502,0.0,0.3502,2364,1101,2490,1164
1205,20.083,EFDZ,0.6851,0.444,0.4008,2559,1875,2772,1950
1205,20.083,AKEADHV,0.5685,0.4111,0.3886,993,2088,1215,2160
1210,20.167,EFIODZ0,0.6764,0.139,0.3073,2565,1893,2772,1962
1210,20.167,AKGAN,0.5693,0.051,0.1257,987,2115,1212,2160
1215,20.25,EFO0ZL,0.7057,0.1227,0.2959,2562,1902,2781,1974
1220,20.333,EFODZL,0.6421,0.807,0.4558,2571,1920,2781,1998
1225,20.417,EFQ0ZI,0.588,0.1495,0.3147,2568,1947,2781,2019
1230,20.5,EFODT,0.8052,0.2177,0.2424,2577,1959,2790,2037
1235,20.583,EFQDZT,0.742,0.1997,0.3381,2583,1974,2799,2055
1240,20.667,EFI0DZT,0.5451,0.3782,0.4748,2577,2001,2796,2067
1240,20.667,,0.3932,0.0,0.3932,3531,1536,3648,1614
1245,20.75,EFI0DZT,0.7831,0.5431,0.5325,2577,2013,2796,2085
1245,20.75,,0.5132,0.0,0.5132,2379,1149,2514,1212
1250,20.833,EFODZT,0.6192,0.4698,0.5206,2583,2031,2799,2103
1250,20.833,DV6Z,0.3964,0.0666,0.1966,3459,1563,3576,1653
1250,20.833,DU6,0.3529,0.1948,0.2864,3459,1575,3609,1665
1255,20.917,EFODZT,0.528,0.614,0.5272,2589,2055,2808,2124
1260,21.0,EFODZL,0.5014,0.3027,0.444,2583,2070,2814,2148
1260,21.0,,0.4404,0.0,0.4404,3495,1578,3591,1665
1265,21.083,,0.4806,0.0,0.4806,2391,1173,2517,1239
1285,21.417,Q,0.573,0.7335,0.4701,2391,1197,2541,1260
1290,21.5,465JKY,0.501,0.6628,0.6739,2442,1698,2634,1761
1300,21.667,AESSUK,0.5149,0.4233,0.4463,2445,1722,2649,1794
1300,21.667,VE,0.3548,0.1111,0.1677,2400,1227,2541,1290
1310,21.833,65UJKV,0.5096,0.2869,0.4108,2457,1749,2646,1815
1315,21.917,465JKV,0.5953,0.3595,0.4617,2454,1767,2652,1833
1315,21.917,O1S,0.402,0.1321,0.2125,3636,1773,3786,1872
1320,22.0,0JBE,0.4527,0.1093,0.1965,2391,1245,2547,1308
1320,22.0,465JKV,0.4379,0.3597,0.4617,2457,1770,2655,1854
1325,22.083,GD,0.5024,0.1145,0.1702,2403,1251,2550,1323
1325,22.083,AF65JKV,0.4737,0.4885,0.582,2463,1791,2676,1863
1330,22.167,GOBEAI,0.5429,0.1639,0.2647,2412,1257,2547,1326
1335,22.25,465UKV,0.7328,0.1562,0.3193,2472,1818,2682,1890
1335,22.25,GPBEPD,0.5566,0.1931,0.2852,2409,1269,2550,1335
1340,22.333,AE65UJKV,0.6273,0.2289,0.4603,2478,1833,2685,1899
1340,22.333,GEEPD,0.4471,0.3821,0.3575,2406,1275,2550,1341
1345,22.417,AF65JKV,0.5772,0.3833,0.5452,2481,1848,2700,1926
1345,22.417,DJDGEPD,0.5724,0.2189,0.3032,2412,1290,2547,1350
1350,22.5,4FBSUKV,0.7476,0.087,0.2409,2481,1863,2700,1938
1350,22.5,DJPGEDD,0.6409,0.0647,0.1953,2406,1290,2547,1359
1355,22.583,A665JKV,0.6213,0.4933,0.5553,2475,1881,2700,1956
1355,22.583,W5ED,0.6064,0.2569,0.2998,2406,1293,2553,1368
1360,22.667,4665UJKV,0.7723,0.7448,0.7914,2493,1893,2709,1971
1360,22.667,GJGED,0.5522,0.4716,0.4201,2412,1299,2553,1371
1365,22.75,4665JKV,0.683,0.929,0.8603,2505,1914,2724,1977
1365,22.75,GJOED,0.594,0.2249,0.2474,2427,1314,2556,1380
1370,22.833,4665JKV,0.6531,0.8241,0.8236,2505,1920,2736,2001
1370,22.833,QJOEEPD,0.4905,0.2148,0.3004,2424,1326,2556,1386
1375,22.917,465JKV,0.6838,0.8992,0.5876,2505,1944,2739,2019
1375,22.917,GPBEPD,0.4168,0.2042,0.289,2424,1332,2556,1392
1380,23.0,465JKV,0.8085,0.9134,0.6531,2517,1959,2745,2034
1380,23.0,GDBERD,0.4661,0.1252,0.2376,2427,1341,2580,1401
1385,23.083,A665JKV,0.5047,0.3957,0.5211,2517,1971,2751,2052
1385,23.083,GBERD,0.418,0.3015,0.301,2427,1341,2577,1404
1390,23.167,QOBERD,0.6719,0.1231,0.2362,2427,1344,2586,1410
1390,23.167,A665JKV,0.6203,0.3125,0.4903,2523,1989,2742,2070
1395,23.25,4F65UKV,0.7268,0.1114,0.288,2529,2007,2754,2082
1395,23.25,GJOBERD,0.5921,0.3068,0.3647,2430,1356,2574,1425
1400,23.333,GOBERD,0.6144,0.3764,0.4135,2430,1362,2577,1434
1400,23.333,LE5K,0.4733,0.1515,0.2561,2529,2022,2757,2103
1405,23.417,GOBERD,0.6052,0.4731,0.4473,2433,1371,2580,1440
1405,23.417,LE5JKY,0.4602,0.1295,0.3007,2544,2049,2769,2118
1405,23.417,GOBERD,0.3912,0.1355,0.3798,2424,1359,2595,1446
1410,23.5,G0BEPD,0.7041,0.2994,0.3896,2421,1380,2598,1452
1410,23.5,4665JKI,0.5242,0.1572,0.32,2550,2061,2778,2139
1415,23.583,GJ06EPD,0.7263,0.396,0.5172,2439,1386,2598,1455
1415,23.583,L65JKI,0.465,0.1601,0.3221,2550,2079,2781,2154
1420,23.667,G06EFD,0.7981,0.1833,0.3383,2439,1389,2601,1461
1425,23.75,G0BEPD,0.7505,0.3541,0.4087,2439,1401,2601,1479
1430,23.833,G0BEPD,0.582,0.2981,0.402,2442,1413,2595,1482
1435,23.917,GJOBEPD,0.4945,0.3587,0.4011,2445,1422,2598,1491
1440,24.0,6JOBEPD,0.5528,0.276,0.3732,2454,1434,2598,1500
1445,24.083,DEPD,0.7988,0.1512,0.1958,2451,1437,2610,1506
1450,24.167,DBD,0.5974,0.5178,0.4525,2454,1449,2610,1518
1455,24.25,6BE21,0.6567,0.148,0.2536,2457,1455,2610,1527
1455,24.25,MHO6KSU,0.3597,0.1973,0.3481,1137,1863,1296,1953
1460,24.333,GJBEPD,0.7483,0.7273,0.6591,2460,1461,2640,1542
1465,24.417,6JO6EPD,0.643,0.4106,0.4674,2457,1482,2634,1548
1465,24.417,LHISZZC,0.5464,0.9839,0.8387,1257,1386,1428,1449
1470,24.5,GJOBERD,0.7473,0.2482,0.3442,2472,1488,2640,1557
1470,24.5,LHISZZC,0.5753,0.8689,0.7985,1242,1386,1434,1461
1470,24.5,KH06KSU,0.5288,0.5284,0.6099,1092,1914,1290,1989
1475,24.583,GJODEPD,0.6395,0.4771,0.484,2469,1497,2634,1575
1480,24.667,DJOBEP,0.7055,0.1105,0.2273,2475,1500,2640,1584
1480,24.667,LHISZZC,0.4552,0.7081,0.7475,1242,1410,1413,1476
1485,24.75,GJOBED,0.6735,0.5591,0.5414,2472,1518,2640,1587
1485,24.75,KH06KSU,0.4691,0.8722,0.7302,1059,1965,1272,2031
1490,24.833,6JOBEPD,0.6217,0.3611,0.403,2472,1527,2646,1596
1495,24.917,6J0BEPD,0.8083,0.1126,0.2588,2481,1533,2655,1608
1495,24.917,LHSZZC,0.6695,0.7023,0.6416,1233,1434,1404,1506
1495,24.917,KH06KSU,0.3731,0.7966,0.7527,1053,2001,1254,2064
1500,25.0,6J06EPD,0.6826,0.2634,0.3944,2481,1545,2643,1620
1500,25.0,KH06KSU,0.5531,0.706,0.7481,1041,2013,1257,2082
1500,25.0,LHSZZC,0.4709,0.5838,0.6001,1236,1437,1410,1515
1505,25.083,LMIZZC,0.6351,0.287,0.3509,1239,1455,1407,1530
1505,25.083,WJD6ERD,0.634,0.1291,0.3004,2484,1554,2658,1632
1510,25.167,GD6ERD,0.7459,0.5452,0.5916,2475,1560,2667,1641
1510,25.167,LNSZZC,0.5406,0.5396,0.5277,1218,1464,1404,1539
1510,25.167,KH06IKSU,0.4095,0.3837,0.5686,1041,2055,1251,2118
1515,25.25,6JO6EPD,0.7543,0.2261,0.4028,2484,1581,2658,1650
1515,25.25,KHOGKS,0.5473,0.5475,0.5333,1029,2067,1248,2148
1520,25.333,006220,0.7518,0.1226,0.2358,2487,1584,2670,1662
1520,25.333,LH522C,0.5994,0.3841,0.5089,1212,1485,1392,1554
1520,25.333,KHDBKSU,0.431,0.2204,0.3043,1026,2088,1239,2154
1525,25.417,GJO6EPD,0.6355,0.4102,0.4971,2487,1599,2670,1680
1525,25.417,LWSZZC,0.6104,0.7638,0.6847,1188,1488,1386,1566
1530,25.5,G6E20,0.6572,0.1418,0.2493,2487,1617,2670,1686
1530,25.5,LHISZZC,0.444,0.6133,0.7055,1200,1506,1383,1575
1535,25.583,GJ0BE20,0.7571,0.3334,0.4734,2496,1626,2682,1695
1535,25.583,LNISZZC,0.5275,0.5253,0.5177,1191,1524,1383,1587
1540,25.667,GJO6E20,0.709,0.4227,0.5359,2487,1635,2682,1707
1540,25.667,LHISZZC,0.4883,0.9902,0.733,1182,1527,1368,1590
1545,25.75,GJO6E20,0.6966,0.2352,0.4703,2505,1644,2682,1722
1545,25.75,LHISZZC,0.6487,0.5909,0.7048,1185,1533,1359,1602
1550,25.833,GJO6ERD,0.7376,0.1955,0.3468,2493,1656,2688,1734
1550,25.833,LNSZZC,0.4979,0.6475,0.5655,1182,1542,1353,1608
1555,25.917,6J06EPD,0.8358,0.8885,0.6132,2493,1674,2688,1746
1555,25.917,LHSZZC,0.572,0.4914,0.5647,1164,1563,1368,1635
1560,26.0,6J06ERD,0.6848,0.6941,0.6959,2496,1680,2697,1761
1560,26.0,LWSZZC,0.4975,0.8995,0.7322,1146,1569,1344,1638
1565,26.083,GJO6ERD,0.7371,0.5308,0.4642,2499,1695,2694,1779
1565,26.083,LNISZZC,0.7099,0.9002,0.6489,1143,1581,1341,1653
1570,26.167,GGRD,0.669,0.3728,0.351,2493,1704,2691,1785
1570,26.167,LMBZZC,0.541,0.3552,0.3986,1152,1593,1335,1659
1575,26.25,GJO6EP0,0.8049,0.1269,0.2988,2502,1725,2697,1797
1575,26.25,LMISZZC,0.5743,0.2611,0.3328,1140,1611,1344,1683
1580,26.333,GJOBEPD,0.7091,0.3929,0.413,2508,1737,2694,1812
1580,26.333,LNSZZC,0.6183,0.6524,0.5792,1137,1617,1332,1683
1580,26.333,D407CL,0.3592,0.3464,0.4525,2469,1323,2622,1398
1585,26.417,GJOBEPD,0.7677,0.2057,0.3734,2505,1755,2700,1836
1585,26.417,LMSZZC,0.6073,0.7263,0.6584,1128,1629,1320,1704
1590,26.5,6J05EPD,0.7623,0.1684,0.3279,2511,1773,2700,1842
1590,26.5,LNISZZC,0.6558,0.5603,0.6134,1134,1641,1311,1716
1595,26.583,6J06ERD,0.7055,0.7533,0.7166,2517,1779,2697,1857
1595,26.583,LNSZZC,0.5372,0.2756,0.5201,1107,1665,1311,1734
1600,26.667,LNISZZC,0.7313,0.5415,0.5923,1104,1671,1296,1746
1600,26.667,6J06EPD,0.7177,0.4974,0.5948,2514,1800,2712,1878
1605,26.75,DJOSEPD,0.7,0.3642,0.405,2520,1803,2712,1884
1605,26.75,LMSZZC,0.5966,0.4964,0.578,1095,1680,1296,1758
1605,26.75,DOACL,0.5597,0.1981,0.2287,2463,1389,2643,1455
1610,26.833,G6ERD,0.6607,0.2682,0.3077,2523,1818,2721,1902
1610,26.833,DOAEI,0.5109,0.068,0.1376,2472,1389,2646,1464
1610,26.833,LNISZZC,0.5041,0.7986,0.6156,1098,1698,1290,1770
1615,26.917,6J06ERD,0.7533,0.114,0.5743,2517,1845,2727,1926
1615,26.917,LNSZZC,0.6825,0.9766,0.5828,1080,1716,1284,1782
1615,26.917,DCLI,0.519,0.4178,0.3824,2466,1401,2643,1470
1620,27.0,606ER0,0.8256,0.1023,0.2816,2523,1851,2730,1935
1620,27.0,LNISZZC,0.7117,0.8673,0.6392,1077,1725,1278,1800
1625,27.083,GJO6ER,0.7105,0.2465,0.3826,2514,1872,2727,1956
1625,27.083,LNISZZC,0.5715,0.8978,0.6591,1071,1734,1254,1806
1630,27.167,GJQ5EPD,0.7137,0.1982,0.3488,2520,1896,2730,1974
1630,27.167,LNSZZC,0.5649,0.9901,0.6262,1056,1752,1260,1830
1630,27.167,MITCLI,0.3769,0.0672,0.1971,2478,1428,2649,1500
1635,27.25,GJ25EPD,0.8123,0.244,0.4108,2526,1899,2733,1983
1635,27.25,LNISZZC,0.7556,0.5732,0.6456,1059,1764,1257,1839
1635,27.25,DOTCLX,0.6026,0.1683,0.2678,2481,1437,2649,1503
1640,27.333,LNISZZC,0.7391,0.7266,0.6471,1044,1776,1248,1857
1640,27.333,DCCA,0.6446,0.0915,0.154,2487,1437,2655,1518
1640,27.333,GJO6EPD,0.5873,0.3703,0.4832,2532,1917,2742,1998
1645,27.417,LNISZZC,0.6366,0.7587,0.6505,1038,1800,1245,1872
1645,27.417,5406EPD,0.6244,0.3228,0.436,2529,1944,2736,2028
1645,27.417,DCA,0.528,0.2776,0.2843,2487,1452,2649,1530
1650,27.5,LNISZZC,0.8254,0.6824,0.6484,1032,1809,1230,1887
1650,27.5,GJ26ERD,0.7782,0.2375,0.4062,2529,1962,2739,2040
1655,27.583,GJO6EPD,0.7394,0.4214,0.4904,2535,1971,2745,2064
1655,27.583,LNSZZC,0.6908,0.7246,0.6306,1011,1824,1215,1902
1655,27.583,DCU,0.6729,0.4535,0.4075,2484,1482,2652,1548
1660,27.667,6J06EPD,0.6549,0.3644,0.5624,2529,1995,2739,2079
1660,27.667,DAOTCLX,0.6125,0.3461,0.3922,2481,1485,2661,1560
1660,27.667,LNSZZC,0.5849,0.9955,0.6577,1017,1845,1215,1917
1665,27.75,LNSZZC,0.6637,0.9746,0.6771,999,1860,1209,1932
1665,27.75,GJ06ERD,0.5792,0.3621,0.4934,2538,2010,2748,2097
1665,27.75,DAOZCL,0.5392,0.2943,0.356,2487,1497,2661,1566
1670,27.833,LNSZZC,0.7427,0.9966,0.6941,990,1872,1200,1959
1670,27.833,GJ06EPD,0.6,0.659,0.6093,2541,2031,2757,2112
1675,27.917,LNSZZC,0.6614,0.9747,0.7067,984,1902,1194,1971
1675,27.917,GJ06EPD,0.6299,0.4476,0.5906,2544,2052,2760,2127
1675,27.917,DOTCLA,0.3645,0.2288,0.3102,2487,1524,2679,1590
1675,27.917,6J06EPD,0.3508,0.2912,0.5327,2538,2040,2769,2142
1680,28.0,LNISZZC,0.8021,0.6489,0.6447,972,1905,1182,1983
1680,28.0,6JO6EPD,0.6226,0.249,0.3867,2547,2070,2763,2151
1680,28.0,MOCL,0.5879,0.3663,0.3464,2484,1530,2673,1596
1685,28.083,LNSZZC,0.6727,0.9983,0.7185,963,1923,1164,1998
1685,28.083,DAOZCLX,0.548,0.5201,0.5141,2490,1533,2682,1605
1690,28.167,DOZCLX,0.6773,0.3154,0.3708,2490,1551,2682,1617
1690,28.167,LNSZZC,0.518,0.9976,0.7285,954,1950,1158,2019
1690,28.167,DJOCL,0.4508,0.1791,0.2154,2484,1530,2691,1620
1695,28.25,LNSZZC,0.8026,0.641,0.7192,945,1959,1170,2037
1695,28.25,DODCLX,0.5955,0.5888,0.5621,2496,1560,2679,1632
1695,28.25,0L0QLS,0.4116,0.0811,0.2368,2346,1194,2496,1254
1700,28.333,DILX,0.7963,0.236,0.2552,2484,1575,2685,1644
1700,28.333,LNSZZC,0.6547,0.9931,0.7276,939,1974,1152,2058
1700,28.333,603S,0.373,0.1287,0.2401,2340,1206,2490,1272
1705,28.417,DOZCLX,0.8439,0.4518,0.4185,2493,1581,2688,1653
1705,28.417,LNSZZC,0.6229,0.9707,0.734,915,1998,1146,2073
1710,28.5,DNOZCLX,0.6533,0.3896,0.4227,2493,1590,2691,1665
1710,28.5,LNSZZC,0.5508,0.9749,0.7398,909,2013,1140,2103
1710,28.5,E409WS,0.4101,0.1786,0.3351,2346,1209,2484,1272
1715,28.583,DJOZCLX,0.7141,0.2914,0.354,2505,1608,2685,1677
1720,28.667,DJZCLX,0.7353,0.4912,0.4938,2496,1623,2694,1692
1720,28.667,LNISZZC,0.6361,0.9602,0.6584,900,2055,1116,2133
1725,28.75,DLOZCLX,0.7735,0.2035,0.2924,2505,1629,2697,1698
1725,28.75,LNSZZC,0.6962,0.9818,0.7452,888,2076,1110,2145
1725,28.75,DOZCLX,0.4674,0.4699,0.4387,2505,1608,2712,1704
1725,28.75,ED9W5,0.4439,0.0907,0.2135,2346,1236,2496,1299
1730,28.833,DOZCLX,0.7192,0.2983,0.4187,2514,1632,2700,1704
1730,28.833,DO9WS,0.5816,0.0739,0.2017,2343,1245,2505,1320
1735,28.917,DAOZCLX,0.7186,0.385,0.4668,2514,1644,2697,1725
1735,28.917,BYO9U5,0.4904,0.1056,0.2839,2340,1251,2499,1317
1740,29.0,DJOZCLX,0.7955,0.2758,0.3485,2508,1668,2700,1740
1740,29.0,E709QS,0.4089,0.1707,0.3295,2343,1257,2481,1323
1745,29.083,DTCLX,0.8542,0.3997,0.3698,2514,1677,2718,1749
1750,29.167,DODCLX,0.7414,0.3359,0.4736,2520,1686,2712,1761
1755,29.25,DOZCLX,0.6879,0.6864,0.4611,2520,1698,2733,1782
1755,29.25,E0909,0.4539,0.14,0.248,2340,1284,2505,1347
1760,29.333,DAOZCLX,0.8291,0.556,0.4909,2523,1719,2727,1791
1760,29.333,HOA,0.7754,0.031,0.1117,2346,1290,2508,1362
1765,29.417,DJOICLX,0.7515,0.2308,0.3116,2529,1728,2730,1809
1765,29.417,EYOMMS,0.7164,0.1166,0.2316,2343,1296,2514,1371
1770,29.5,MOCLX,0.6753,0.3609,0.3426,2538,1746,2730,1821
1770,29.5,EYOMWS,0.5987,0.1516,0.2561,2343,1305,2505,1371
1775,29.583,DJOZCLX,0.8083,0.1343,0.3137,2529,1767,2733,1836
1775,29.583,EYOSS,0.6113,0.1929,0.225,2346,1317,2496,1380
1780,29.667,DOFCLX,0.7836,0.0566,0.1896,2532,1773,2751,1848
1780,29.667,EMI,0.3856,0.7324,0.6027,2331,1323,2508,1389
1785,29.75,DNOZCLX,0.7429,0.2838,0.3857,2544,1794,2739,1866
1785,29.75,DYOB9,0.6146,0.2782,0.3448,2334,1332,2502,1395
1790,29.833,DOZCLX,0.7279,0.6352,0.4833,2541,1809,2751,1884
1790,29.833,YOSS,0.6481,0.5888,0.5021,2340,1338,2505,1401
1790,29.833,ITA,0.5192,0.7085,0.586,1149,1929,1302,1998
1795,29.917,DAODCLX,0.8205,0.4292,0.4504,2541,1821,2760,1896
1795,29.917,BM,0.7606,0.4773,0.4241,2337,1344,2511,1416
1795,29.917,INA,0.3527,0.3017,0.3012,1110,1941,1296,2022
1800,30.0,DAOCLX,0.8235,0.7577,0.6804,2568,1839,2766,1914
1800,30.0,EYOMW5,0.6381,0.1762,0.3333,2340,1353,2505,1422
1805,30.083,MAOZCLX,0.7697,0.1832,0.2782,2559,1854,2775,1929
1805,30.083,EYO9W5,0.6229,0.3031,0.4222,2328,1368,2499,1431
1810,30.167,DAOZCLX,0.8931,0.8814,0.5599,2565,1869,2781,1947
1810,30.167,EY95,0.564,0.6467,0.6327,2319,1374,2505,1446
1810,30.167,50TTA,0.4042,0.1928,0.2849,1092,2007,1269,2085
1815,30.25,MOZCLX,0.8104,0.5509,0.5356,2577,1878,2784,1965
1815,30.25,EBWS,0.6652,0.1909,0.2236,2322,1383,2505,1446
1815,30.25,I50LTNA,0.5908,0.1985,0.349,1086,2028,1254,2097
1820,30.333,EOBWS,0.7559,0.0953,0.1567,2325,1389,2508,1455
1820,30.333,MOACLX,0.7377,0.2775,0.3443,2577,1902,2787,1977
1820,30.333,G0LTA,0.527,0.513,0.4791,1083,2040,1251,2133
1825,30.417,DO7CLX,0.742,0.1799,0.3359,2577,1917,2799,1995
1825,30.417,I60LTNA,0.6676,0.1642,0.325,1071,2067,1251,2151
1825,30.417,EYOMWS,0.605,0.1614,0.2596,2322,1398,2502,1470
1830,30.5,DAOCLX,0.7436,0.6022,0.626,2589,1932,2796,2016
1830,30.5,EYOIU,0.6615,0.0968,0.1578,2322,1410,2496,1479
1835,30.583,MOTCLX,0.7572,0.2385,0.3169,2592,1959,2814,2034
1835,30.583,E9W5,0.4917,0.3158,0.341,2310,1419,2496,1488
1840,30.667,MAOZCLX,0.7997,0.3905,0.3508,2598,1968,2817,2049
1840,30.667,E9W,0.6051,0.657,0.5799,2319,1431,2505,1497
1845,30.75,EYO95,0.7742,0.1766,0.3036,2316,1437,2499,1506
1845,30.75,DAOZCLX,0.7137,0.7006,0.576,2604,1980,2832,2070
1850,30.833,DAOZCLX,0.8342,0.9067,0.6108,2616,2007,2829,2082
1850,30.833,EYOMWS,0.5189,0.2103,0.2721,2307,1449,2499,1515
1855,30.917,DAOZCLX,0.7551,0.9198,0.637,2625,2022,2844,2112
1855,30.917,EMYOSLS,0.3953,0.0701,0.199,2310,1464,2496,1530
1860,31.0,BYO9W5,0.6814,0.2707,0.3995,2310,1467,2502,1542
1860,31.0,DOZLLX,0.5645,0.4785,0.485,2625,2046,2844,2121
1865,31.083,EYO9W5,0.7546,0.0661,0.3392,2304,1482,2496,1545
1865,31.083,MOACLX,0.7358,0.2381,0.3305,2628,2061,2856,2139
1870,31.167,EYO9W5,0.7343,0.1014,0.3198,2304,1488,2499,1560
1870,31.167,DAOZCLX,0.6423,0.5501,0.6242,2637,2076,2865,2154
1875,31.25,E95,0.6305,0.7988,0.7092,2307,1500,2499,1569
1880,31.333,EYOAW5,0.6645,0.2947,0.4163,2301,1509,2502,1584
1885,31.417,LYOSWI,0.7095,0.157,0.2599,2298,1527,2499,1590
1890,31.5,EYO9WLI,0.7783,0.2567,0.3897,2298,1533,2496,1602
1895,31.583,EYOSWS,0.6897,0.2756,0.3429,2298,1545,2496,1611
1900,31.667,EYOAWS,0.5953,0.239,0.3173,2301,1557,2499,1629
1905,31.75,EYOSW,0.6138,0.7042,0.5829,2298,1566,2505,1635
1910,31.833,EYO9WS,0.8381,0.4067,0.4947,2295,1581,2499,1650
1915,31.917,EYOSWS,0.7529,0.8971,0.5604,2298,1590,2511,1665
1920,32.0,EYQSWUS,0.6929,0.277,0.3439,2298,1602,2505,1680
1925,32.083,EYO9W5,0.6614,0.364,0.3561,2295,1620,2502,1686
1930,32.167,EYQ9WS,0.8302,0.4262,0.5084,2292,1629,2499,1701
1935,32.25,EYO9W5,0.7117,0.2895,0.3674,2301,1638,2511,1716
1940,32.333,EYOSWS,0.6779,0.4699,0.5333,2298,1653,2505,1734
1945,32.417,EYO9VU,0.786,0.3877,0.4814,2301,1677,2508,1749
1950,32.5,EYOMWS,0.6811,0.2766,0.29,2304,1686,2511,1755
1955,32.583,E9W5,0.6415,0.2487,0.3176,2301,1704,2511,1776
1960,32.667,EYO9WS,0.7802,0.4851,0.5221,2304,1719,2511,1785
1965,32.75,EYOSS,0.7547,0.1721,0.2177,2310,1731,2514,1803
1970,32.833,EYO9WS,0.6491,0.2265,0.4709,2319,1752,2529,1821
1975,32.917,EYQAW,0.7187,0.3977,0.3684,2325,1767,2535,1836
1980,33.0,EYOM5,0.8965,0.1918,0.2842,2325,1779,2541,1854
1980,33.0,EO9U5,0.5668,0.1549,0.2584,2313,1773,2553,1875
1985,33.083,EYOM5,0.7203,0.1358,0.2646,2331,1797,2547,1875
1990,33.167,EOM5,0.736,0.452,0.4664,2337,1806,2553,1884
1995,33.25,EYO9WLS,0.8025,0.137,0.3059,2343,1824,2565,1902
2000,33.333,EO9U5,0.6332,0.3502,0.3268,2346,1845,2571,1920
2005,33.417,EYOW,0.6571,0.8165,0.6615,2349,1866,2574,1947
2010,33.5,EYO9WS,0.8119,0.5792,0.5071,2358,1881,2574,1956
2015,33.583,EYO9W5,0.7352,0.5027,0.3998,2364,1899,2586,1971
2020,33.667,EOSV5,0.8119,0.249,0.3243,2370,1923,2589,1995
2025,33.75,EYO9WS,0.7036,0.3887,0.5021,2373,1938,2598,2010
2030,33.833,EYO9WS,0.6776,0.572,0.5201,2379,1950,2610,2028
2035,33.917,EYO9WS,0.7225,0.3169,0.5075,2391,1974,2619,2052
2040,34.0,EYO9VS,0.7304,0.4011,0.4908,2388,1998,2625,2070
2045,34.083,EYO9VS,0.7763,0.7218,0.603,2394,2016,2628,2091
2050,34.167,EY9WS,0.5989,0.291,0.3537,2400,2037,2637,2115
2055,34.25,EYO9M,0.7284,0.3575,0.4003,2415,2058,2637,2133
2060,34.333,EXO9NOS,0.6402,0.0405,0.2383,2421,2079,2646,2154
2125,35.417,,0.5445,0.0,0.5445,2280,1803,3009,2061
2130,35.5,,0.5762,0.0,0.5762,2286,1827,3021,2079
2135,35.583,,0.3764,0.0,0.3764,2295,1842,3036,2118
2245,37.417,DP63LYH,0.3819,0.3449,0.4815,2388,1695,2586,1755
2255,37.583,BP6JLYH,0.38,0.3959,0.4871,2391,1722,2604,1788
2260,37.667,BP63LYH,0.3942,0.5249,0.6074,2391,1737,2598,1800
2265,37.75,BPBILYH,0.3722,0.1791,0.2754,2406,1755,2607,1815
2275,37.917,BPEJLYH,0.4769,0.3085,0.3659,2412,1779,2625,1854
2285,38.083,BPELYH,0.621,0.526,0.5182,2424,1818,2640,1878
2290,38.167,BP6ILYH,0.668,0.4449,0.5215,2424,1824,2640,1896
2295,38.25,BPBELYH,0.5452,0.2599,0.3319,2436,1839,2643,1905
2300,38.333,BPBJLYH,0.504,0.174,0.2718,2439,1854,2658,1926
2305,38.417,BPEJLYH,0.6111,0.4156,0.4034,2445,1869,2661,1944
2310,38.5,BP6JLYH,0.6056,0.4932,0.5212,2445,1887,2661,1956
2315,38.583,BPBELYH,0.5872,0.1357,0.2885,2460,1911,2679,1971
2320,38.667,BP6ZLYH,0.6674,0.3383,0.4468,2451,1917,2685,1989
2325,38.75,DPBILMH,0.5192,0.1454,0.2518,2463,1935,2685,2001
2330,38.833,DLH,0.5684,0.237,0.2559,2466,1956,2700,2022
2335,38.917,PPBLH,0.63,0.4653,0.4157,2475,1965,2709,2052
2340,39.0,BP6ILMH,0.4965,0.1206,0.2944,2487,1989,2703,2055
2345,39.083,BPBEL,0.7012,0.1805,0.2163,2490,2004,2721,2076
2350,39.167,PPGLYH,0.6608,0.1608,0.2626,2487,2019,2730,2091
2355,39.25,BPELH,0.4332,0.4785,0.4249,2496,2046,2733,2115
2360,39.333,PPBILYH,0.599,0.2308,0.3116,2502,2055,2739,2133
2365,39.417,BPBJLYH,0.3664,0.4567,0.3708,2517,2079,2745,2148
2415,40.25,4G65ZFX,0.4835,0.4921,0.5544,2310,1533,2478,1596
2420,40.333,0G65ZFX,0.459,0.6015,0.631,2301,1530,2484,1608
2425,40.417,WG65ZFX,0.666,0.5616,0.6331,2313,1554,2481,1614
2435,40.583,0G65ZFX,0.5265,0.5069,0.5979,2307,1575,2499,1638
2440,40.667,WG6SZFX,0.8009,0.3374,0.4462,2310,1581,2493,1650
2445,40.75,WG65ZFX,0.7178,0.4467,0.5929,2313,1596,2496,1659
2450,40.833,4G65ZFX,0.7747,0.6097,0.5956,2316,1605,2499,1677
2455,40.917,VG65ZEX,0.6873,0.2645,0.4252,2319,1617,2505,1683
2460,41.0,WG65ZFX,0.8393,0.3814,0.5643,2328,1629,2511,1698
2465,41.083,0G65ZFX,0.7902,0.5793,0.6038,2322,1638,2505,1713
2470,41.167,0G65ZFX,0.783,0.6933,0.6267,2331,1653,2508,1722
2475,41.25,0G65ZFX,0.7005,0.1868,0.5695,2331,1668,2514,1731
2480,41.333,0G65ZFX,0.9047,0.3582,0.5514,2334,1677,2532,1746
2485,41.417,LC65ZFX,0.7336,0.7421,0.7595,2340,1692,2526,1761
2490,41.5,0G65ZFX,0.7674,0.8713,0.5897,2334,1704,2532,1776
2495,41.583,0G65ZFX,0.8136,0.7326,0.6064,2340,1716,2541,1785
2500,41.667,0G65ZEX,0.8802,0.7541,0.7379,2346,1725,2544,1797
2505,41.75,0G65ZFX,0.8071,0.6533,0.6131,2355,1740,2553,1812
2510,41.833,0G65ZFX,0.7026,0.4985,0.6077,2355,1755,2550,1827
2515,41.917,0G65ZFX,0.8596,0.6866,0.6153,2361,1773,2556,1842
2520,42.0,LG65ZFX,0.7187,0.5706,0.6395,2361,1785,2556,1857
2525,42.083,LG65ZFX,0.7435,0.4438,0.5951,2376,1800,2559,1875
2525,42.083,WG65ZFX,0.4032,0.6646,0.5995,2361,1791,2571,1884
2530,42.167,0665ZFX,0.7925,0.7672,0.747,2376,1815,2580,1887
2535,42.25,LG65ZFX,0.8099,0.6459,0.6274,2373,1827,2574,1899
2540,42.333,01G65ZFX,0.7606,0.5171,0.6319,2379,1848,2580,1917
2545,42.417,WG6SZFX,0.8369,0.4713,0.493,2382,1863,2592,1932
2550,42.5,WG65ZFX,0.8825,0.9434,0.6597,2385,1875,2592,1947
2555,42.583,4G65IZFX,0.7587,0.4711,0.5997,2394,1890,2601,1968
2560,42.667,WG65ZFX,0.7762,0.5037,0.6485,2391,1905,2601,1977
2565,42.75,0G65ZFX,0.7976,0.7755,0.6267,2394,1920,2607,1995
2570,42.833,LG65ZFX,0.7313,0.748,0.6615,2409,1941,2616,2010
2575,42.917,LG65ZFX,0.8479,0.911,0.7047,2415,1959,2634,2031
2580,43.0,0G65ZFXI,0.8371,0.6416,0.7191,2421,1968,2628,2049
2585,43.083,0G65ZFX,0.7279,0.7702,0.6361,2427,1992,2640,2067
2590,43.167,01G65ZFX,0.8161,0.5172,0.632,2427,2004,2649,2079
2595,43.25,0G65ZFX,0.806,0.9345,0.6524,2433,2016,2646,2094
2600,43.333,0G65ZFX,0.6795,0.4358,0.6433,2451,2043,2655,2118
2605,43.417,WG65ZFXI,0.6763,0.2697,0.4888,2448,2061,2667,2139
2610,43.5,0G65ZFX,0.5886,0.9049,0.6558,2460,2079,2679,2154
2615,43.583,00G65ZFX,0.3551,0.1337,0.3636,2460,2091,2670,2157
2640,44.0,ELD7C,0.3633,0.1532,0.2573,999,1818,1251,1914
2645,44.083,FIPZS,0.4581,0.7075,0.5853,1002,1860,1233,1953
2650,44.167,FIPZS,0.6141,0.2641,0.4301,987,1866,1242,1971
2655,44.25,OD,0.6118,0.3755,0.3529,963,1878,1230,1998
2655,44.25,LPI,0.3698,0.684,0.5688,2352,1491,2481,1566
2660,44.333,LLGIPZS,0.5401,0.7622,0.6836,969,1914,1221,2013
2665,44.417,APZS,0.5155,0.3204,0.3142,957,1935,1221,2046
2670,44.5,LLGIPZS,0.478,0.9099,0.7353,954,1950,1200,2055
2675,44.583,LLGIPZS,0.6308,0.7936,0.7253,939,1977,1197,2082
2680,44.667,LLGIPZS,0.567,0.9261,0.7436,939,1995,1191,2106
2680,44.667,HL64OGR,0.4291,0.1888,0.3722,1188,1530,1392,1593
2685,44.75,LLGIPZS,0.6044,0.8009,0.737,915,1998,1185,2130
2690,44.833,LLGIPZS,0.5163,0.7765,0.7297,912,2016,1188,2148
2690,44.833,LPL,0.4681,0.4134,0.3794,2364,1563,2508,1632
2695,44.917,LPL,0.6484,0.8095,0.518,2370,1578,2502,1647
2700,45.0,NL6AOGX,0.5293,0.1435,0.3104,1164,1584,1353,1656
2700,45.0,LPHIL,0.4179,0.1016,0.1611,2376,1584,2529,1659
2705,45.083,LPIL,0.5837,0.2127,0.2389,2388,1593,2550,1665
2705,45.083,NL64OG,0.3915,0.2305,0.4013,1149,1596,1344,1659
2710,45.167,C64053,0.4076,0.1508,0.3155,1146,1614,1353,1686
2715,45.25,D64057,0.5394,0.0623,0.2536,1140,1626,1344,1695
2715,45.25,LPHT,0.4375,0.2624,0.2737,2385,1611,2550,1683
2720,45.333,M64GX,0.4276,0.1601,0.2621,1134,1638,1341,1707
2725,45.417,NOSWKJ,0.3746,0.2492,0.3244,2670,2034,2874,2103
2730,45.5,NE4OC,0.4119,0.1442,0.251,1128,1671,1332,1740
2730,45.5,LPIL,0.3982,0.3487,0.2865,2406,1644,2565,1713
2740,45.667,Q640G3,0.5531,0.1819,0.3373,1110,1701,1308,1767
2740,45.667,0F05WKJ,0.518,0.5351,0.5846,2700,2079,2895,2154
2740,45.667,LPLL,0.4683,0.696,0.5772,2412,1668,2553,1731
2745,45.75,CEAOGX,0.6824,0.1928,0.285,1101,1719,1308,1782
2745,45.75,LPI4,0.5663,0.4029,0.432,2415,1674,2565,1743
2750,45.833,C640GX,0.6205,0.2656,0.396,1092,1728,1302,1800
2750,45.833,LPL,0.4464,0.9713,0.602,2436,1683,2571,1755
2755,45.917,DLGA0G,0.5259,0.1758,0.3331,1095,1743,1293,1812
2760,46.0,LLLJ,0.6314,0.6753,0.5627,2439,1704,2607,1776
2760,46.0,CL640GX,0.5574,0.1457,0.342,1092,1767,1293,1827
2765,46.083,D640GX,0.7002,0.1805,0.3363,1077,1776,1290,1848
2765,46.083,LPULJ,0.4764,0.7606,0.6224,2442,1719,2610,1788
2770,46.167,N640G,0.5179,0.4091,0.4364,1074,1794,1287,1860
2775,46.25,CB4OGR,0.6663,0.0671,0.2569,1059,1812,1278,1878
2775,46.25,LPALIA,0.6092,0.194,0.2858,2460,1740,2637,1809
2780,46.333,LPILI,0.6377,0.3707,0.3495,2460,1755,2637,1824
2780,46.333,CB4OGX,0.599,0.1592,0.3214,1050,1821,1263,1896
2785,46.417,LLLIA,0.5337,0.5508,0.4756,2466,1767,2667,1839
2785,46.417,MEJOX,0.4752,0.3494,0.3346,1050,1848,1257,1914
2790,46.5,LPLLIA,0.6154,0.0753,0.2027,2472,1773,2676,1851
2790,46.5,CG4OGX,0.5441,0.1645,0.3251,1038,1860,1254,1929
2795,46.583,LPLLIA,0.7467,0.2017,0.2469,2484,1788,2679,1860
2795,46.583,D640G,0.6326,0.252,0.3264,1038,1872,1266,1959
2800,46.667,DILA,0.4723,0.2708,0.2796,2484,1800,2679,1872
2800,46.667,M64053,0.4647,0.3461,0.4523,1029,1899,1242,1962
2805,46.75,LPULI,0.6461,0.3545,0.3381,2487,1812,2700,1890
2805,46.75,NEJOG7,0.5285,0.1547,0.3183,1023,1914,1251,1974
2810,46.833,LFLLJA,0.5376,0.5133,0.5093,2487,1818,2703,1905
2810,46.833,NE4OGX,0.4227,0.2514,0.386,1008,1923,1245,1998
2815,46.917,LPLLJA,0.7154,0.586,0.5602,2496,1839,2697,1911
2815,46.917,MB40D7,0.4058,0.1426,0.3398,1008,1947,1233,2016
2820,47.0,LLLIA,0.7536,0.2865,0.383,2502,1854,2706,1923
2820,47.0,MB4OGX,0.6729,0.0878,0.2714,999,1962,1215,2040
2825,47.083,LPLLJA,0.7047,0.5027,0.531,2514,1863,2721,1938
2825,47.083,M640GX,0.6754,0.2151,0.3606,993,1983,1209,2055
2830,47.167,LPALJA,0.722,0.6307,0.5915,2514,1869,2730,1950
2830,47.167,NE4OG7,0.473,0.026,0.2282,984,2007,1212,2070
2835,47.25,C6405J,0.6996,0.2052,0.3536,969,2016,1209,2094
2835,47.25,LLLIA,0.633,0.2294,0.3389,2514,1890,2724,1962
2840,47.333,LPLLIA,0.8012,0.5325,0.3389,2520,1905,2739,1974
2840,47.333,CE4057,0.4358,0.0738,0.2916,969,2046,1203,2121
2845,47.417,LLLIA,0.7693,0.4796,0.3606,2532,1917,2757,1998
2845,47.417,M64053,0.5448,0.1608,0.3874,954,2061,1197,2145
2850,47.5,LLLI,0.6958,0.2855,0.2899,2529,1935,2745,2001
2855,47.583,LPLLJA,0.7021,0.4193,0.5019,2532,1950,2748,2022
2860,47.667,LPLLLIA,0.8038,0.3419,0.3893,2538,1959,2763,2040
2865,47.75,LPLLI,0.733,0.3524,0.3367,2544,1968,2763,2049
2870,47.833,LPLLLIA,0.6549,0.3131,0.3793,2547,1992,2769,2064
2875,47.917,LPILI,0.7559,0.0612,0.2412,2553,2004,2781,2082
2880,48.0,LFLLIA,0.7686,0.2072,0.2951,2562,2019,2784,2094
2885,48.083,LILLI,0.563,0.1859,0.2201,2571,2037,2790,2115
2890,48.167,LLLLI,0.7933,0.1378,0.1865,2571,2052,2805,2130
2895,48.25,LLLLI,0.7125,0.0459,0.1543,2583,2061,2808,2145
2900,48.333,LFLILIA,0.6411,0.3484,0.3938,2583,2082,2802,2157
2905,48.417,LPRL,0.3566,0.2203,0.2442,2595,2100,2802,2160
3080,51.333,062,0.3793,0.5213,0.4549,1245,1860,1401,1926
3090,51.5,DE,0.4134,0.1584,0.2009,1176,1887,1386,1956
3095,51.583,4X5244,0.4224,0.1702,0.3292,1173,1905,1383,1974
3100,51.667,TT,0.4997,0.202,0.1809,1161,1914,1377,1989
3105,51.75,HX52HFF,0.5536,0.1389,0.3372,1146,1929,1365,2004
3110,51.833,HX5ZMBPF,0.5002,0.2632,0.4542,1146,1947,1356,2019
3115,51.917,ITE,0.5031,0.1881,0.2216,1131,1968,1353,2037
3120,52.0,HTA,0.6245,0.1151,0.1706,1125,1980,1350,2055
3125,52.083,HTJ,0.4974,0.1026,0.1618,1113,1995,1344,2076
3130,52.167,HX52HFE,0.5929,0.1482,0.3437,1110,2013,1341,2085
3135,52.25,HYE2IFFE,0.581,0.0982,0.3388,1107,2028,1338,2103
3140,52.333,HXS2IJPF,0.5512,0.2317,0.4322,1110,2049,1332,2121
3145,52.417,HX52IBPE,0.4877,0.3864,0.5705,1098,2067,1323,2145
3170,52.833,EGIL,0.5713,0.353,0.3371,1251,1290,1404,1356
3185,53.083,GLML,0.5365,0.1807,0.2165,1239,1311,1374,1371
3195,53.25,CB6II,0.5608,0.1307,0.2415,1233,1338,1383,1398
3200,53.333,CESLL,0.5759,0.2212,0.2449,1221,1338,1365,1404
3205,53.417,DEL,0.4149,0.4626,0.4138,1221,1344,1377,1413
3210,53.5,DEBL,0.5627,0.2909,0.2936,1215,1353,1383,1413
3215,53.583,DEBL,0.5353,0.1718,0.2519,1218,1362,1365,1425
3220,53.667,DE6IL,0.5023,0.159,0.2613,1215,1377,1368,1443
3225,53.75,CEGILL,0.5575,0.2706,0.3394,1212,1386,1371,1452
3230,53.833,DEGL,0.4607,0.2912,0.2939,1197,1389,1350,1458
3235,53.917,CEGIWL,0.4817,0.1579,0.2606,1197,1401,1350,1467
3240,54.0,CLGL,0.4305,0.5372,0.466,1197,1407,1347,1473
3245,54.083,CGGIL,0.5092,0.4024,0.3717,1191,1422,1356,1494
3250,54.167,CE6IUYL,0.7018,0.1625,0.3238,1191,1434,1353,1497
3255,54.25,CESIYL,0.5511,0.3454,0.3918,1182,1437,1341,1509
3260,54.333,CEEIUXL,0.6415,0.2002,0.2901,1179,1446,1347,1509
3265,54.417,CEEL,0.6084,0.6541,0.5479,1185,1458,1341,1530
3265,54.417,DU06XR0,0.4022,0.3118,0.4583,888,2067,1113,2139
3270,54.5,CEBI,0.65,0.5973,0.5081,1176,1470,1347,1539
3270,54.5,DU06XRO,0.4387,0.2558,0.419,885,2070,1098,2136
3270,54.5,DUO6XRO2562,0.4139,0.7619,0.7733,882,2037,1098,2136
3275,54.583,CEGII,0.663,0.3147,0.3103,1170,1485,1341,1548
3280,54.667,CE6I,0.4003,0.4103,0.4372,1161,1488,1323,1563
3285,54.75,CEGIYL,0.5723,0.8445,0.7412,1155,1497,1329,1560
3290,54.833,CEGIUYL,0.6176,0.4531,0.4672,1158,1506,1323,1575
3295,54.917,CEGIWYL,0.691,0.2467,0.3227,1146,1521,1344,1587
3300,55.0,CEGIUYL,0.6895,0.6742,0.5446,1143,1533,1332,1599
3305,55.083,CEGILYL,0.6107,0.3692,0.4084,1149,1536,1317,1608
3305,55.083,CE6ILYL,0.415,0.2321,0.3725,1146,1527,1341,1620
3310,55.167,CEBILNYL,0.6558,0.1649,0.3255,1140,1548,1311,1611
3315,55.25,CEBILL,0.6051,0.243,0.3201,1140,1557,1308,1635
3320,55.333,CESIWYL,0.7013,0.1233,0.2363,1134,1575,1314,1644
3325,55.417,CEIWL,0.603,0.2056,0.2339,1125,1581,1308,1659
3330,55.5,CE6IWL,0.7031,0.2873,0.4111,1116,1596,1299,1659
3330,55.5,CE6IYL,0.3899,0.2569,0.3898,1113,1584,1311,1668
3335,55.583,CEGIL,0.6506,0.3996,0.3697,1116,1608,1287,1683
3335,55.583,ECSS4,0.3528,0.1267,0.2387,2316,1053,2466,1131
3340,55.667,CE6ILXL,0.7361,0.2866,0.4106,1110,1626,1290,1686
3340,55.667,ASE,0.365,0.3714,0.3499,2319,1059,2466,1137
3345,55.75,CE6ILL,0.7759,0.2869,0.4109,1101,1629,1290,1704
3350,55.833,CEGLUYL,0.7636,0.0879,0.2116,1098,1641,1287,1710
3355,55.917,CE6LL,0.7498,0.0931,0.2151,1095,1659,1296,1731
3360,56.0,CEBL,0.7636,0.3515,0.336,1089,1677,1290,1746
3360,56.0,G,0.441,0.1276,0.1493,2331,1080,2496,1158
3365,56.083,CEBL,0.6851,0.2526,0.3014,1080,1680,1278,1752
3365,56.083,UD,0.6729,0.1863,0.2204,2331,1080,2502,1161
3370,56.167,CEEILL,0.7009,0.4774,0.4842,1074,1692,1269,1764
3375,56.25,CEGILL,0.7466,0.59,0.4512,1074,1707,1266,1779
3380,56.333,CEGILL,0.7216,0.4219,0.4493,1071,1722,1272,1794
3385,56.417,CE6ILL,0.7067,0.5792,0.5132,1059,1728,1260,1797
3385,56.417,C,0.4782,0.2876,0.2613,2343,1104,2499,1182
3390,56.5,CE6ILIL,0.6893,0.1045,0.2832,1053,1746,1239,1818
3390,56.5,O,0.6769,0.2236,0.2165,2343,1101,2508,1194
3395,56.583,CEGILL,0.7215,0.7016,0.4972,1053,1755,1248,1827
3395,56.583,T,0.6303,0.1503,0.1652,2343,1110,2511,1197
3400,56.667,CEGILYL,0.7786,0.2146,0.3543,1041,1770,1245,1842
3400,56.667,O,0.3976,0.8641,0.4407,2346,1125,2514,1206
3405,56.75,CEBILL,0.7427,0.3985,0.3745,1047,1782,1248,1851
3405,56.75,EESSP,0.5775,0.1372,0.186,2352,1146,2511,1209
3405,56.75,CEGICYL,0.4253,0.1943,0.286,1044,1770,1257,1860
3410,56.833,CESIQX,0.6745,0.1767,0.2737,1038,1800,1245,1881
3410,56.833,WD,0.4024,0.0898,0.1529,2346,1140,2514,1206
3410,56.833,ECS5R,0.3604,0.0816,0.2071,2349,1131,2529,1215
3415,56.917,CEGIUXL,0.7465,0.315,0.3705,1032,1815,1242,1890
3420,57.0,CELI,0.7248,0.1405,0.1884,1026,1827,1233,1899
3420,57.0,SCSSP,0.374,0.1542,0.198,2355,1146,2523,1215
3425,57.083,LE,0.6126,0.1045,0.1632,1023,1845,1215,1920
3425,57.083,EES6,0.3981,0.2025,0.2918,2364,1149,2523,1227
3430,57.167,CBLM,0.7098,0.1339,0.1837,1014,1854,1218,1929
3430,57.167,Q0,0.5438,0.5847,0.5293,2367,1152,2523,1227
3435,57.25,Q40,0.6822,0.2028,0.292,2367,1152,2529,1236
3435,57.25,CESLUIL,0.667,0.168,0.2676,999,1869,1212,1941
3435,57.25,CEBLLL,0.3972,0.2528,0.327,999,1863,1236,1959
3440,57.333,CEGLL,0.6988,0.4602,0.4122,1002,1878,1206,1953
3440,57.333,C,0.5461,0.3102,0.2692,2367,1158,2532,1239
3440,57.333,CESLML,0.4101,0.2887,0.3521,999,1863,1224,1962
3445,57.417,CESILML,0.6937,0.211,0.2977,993,1905,1203,1974
3445,57.417,ESA,0.4632,0.2207,0.2445,2376,1176,2550,1251
3450,57.5,CEGCOL,0.7245,0.0988,0.2192,981,1914,1203,1989
3450,57.5,C,0.5161,0.8072,0.3878,2376,1176,2556,1254
3455,57.583,CBGIML,0.7266,0.1399,0.248,984,1929,1194,1998
3455,57.583,C,0.5382,0.1122,0.3255,2376,1173,2550,1254
3460,57.667,CEGIWYL,0.7217,0.236,0.3189,975,1935,1200,2025
3460,57.667,O,0.4792,0.2338,0.3684,2388,1185,2565,1269
3465,57.75,CEGIXL,0.6969,0.5425,0.5297,972,1956,1191,2028
3465,57.75,59560,0.5123,0.2462,0.2624,2391,1197,2559,1281
3465,57.75,CEGIYL,0.3504,0.2874,0.5462,969,1947,1209,2040
3470,57.833,CEGIUXL,0.7209,0.2032,0.3314,960,1971,1185,2043
3470,57.833,S55,0.6637,0.5137,0.5096,2391,1197,2562,1290
3475,57.917,CEGILYL,0.7027,0.6724,0.4431,960,1989,1176,2073
3475,57.917,WJ,0.6056,0.7306,0.6014,2385,1209,2559,1296
3480,58.0,CE6ILYL,0.7029,0.2681,0.3851,945,2007,1164,2082
3480,58.0,SCS60P,0.5289,0.0364,0.2654,2388,1233,2565,1305
3485,58.083,CEBIL,0.5937,0.2106,0.2375,948,2016,1170,2094
3485,58.083,59560,0.5275,0.1249,0.2199,2385,1233,2571,1305
3490,58.167,54560P,0.6278,0.1724,0.3307,2382,1224,2565,1317
3490,58.167,CEBIWL,0.5483,0.4436,0.4606,942,2037,1152,2115
3495,58.25,CEBL,0.636,0.4826,0.3436,930,2052,1152,2133
3495,58.25,WWD,0.4223,0.2619,0.2733,2388,1242,2568,1329
3500,58.333,CE6IL,0.7048,0.2486,0.324,933,2073,1149,2145
3500,58.333,0I9,0.5435,0.246,0.2922,2397,1242,2574,1332
3505,58.417,GD,0.679,0.3599,0.2561,2394,1248,2574,1341
3510,58.5,OD,0.6518,0.1258,0.2655,2391,1248,2574,1341
3510,58.5,CFCN,0.4322,0.0735,0.1414,915,2112,1125,2160
3515,58.583,QJ,0.6471,0.2879,0.2915,2397,1275,2577,1347
3515,58.583,EQ560P,0.4895,0.2088,0.3862,2400,1257,2592,1359
3515,58.583,GI8S,0.378,0.6927,0.6349,2577,2010,2721,2076
3520,58.667,W,0.7047,0.5276,0.4293,2397,1281,2589,1356
3525,58.75,CD,0.7398,0.4166,0.3816,2388,1272,2586,1362
3530,58.833,SCSG17,0.4796,0.2521,0.4165,2397,1290,2586,1374
3530,58.833,GIBST,0.3809,0.5739,0.4918,2586,2055,2748,2121
3535,58.917,W,0.6401,0.113,0.2842,2409,1299,2586,1383
3535,58.917,GIBST,0.5226,0.1645,0.3485,2592,2073,2757,2148
3540,59.0,GD,0.6953,0.2109,0.2499,2397,1293,2595,1398
3540,59.0,CBS7,0.4647,0.1118,0.2283,2604,2082,2772,2154
3545,59.083,5C560P,0.7218,0.2996,0.4197,2403,1296,2598,1401
3550,59.167,SCS617P,0.6387,0.2405,0.4084,2409,1329,2595,1398
3555,59.25,5C5610P,0.6454,0.2024,0.3517,2406,1326,2598,1404
3555,59.25,SCS610VP,0.38,0.0592,0.3415,2409,1311,2613,1413
3560,59.333,UD,0.6926,0.6646,0.3878,2394,1317,2598,1410
3565,59.417,SCS50YP,0.6468,0.3216,0.4651,2415,1344,2595,1425
3565,59.417,SCS50YP,0.3942,0.6318,0.5737,2412,1329,2613,1431
3570,59.5,SCS610YP,0.7161,0.4314,0.602,2412,1347,2598,1434
3575,59.583,C,0.7819,0.4062,0.3293,2400,1344,2604,1446
3580,59.667,SCSS0YR,0.7725,0.4321,0.5124,2409,1365,2598,1443
3580,59.667,SCS60YR,0.3962,0.1976,0.3784,2409,1350,2610,1458
3585,59.75,SC560YP,0.7299,0.6472,0.6931,2406,1365,2598,1452
3590,59.833,GD,0.7585,0.5085,0.2989,2397,1365,2598,1461
3595,59.917,WD,0.6525,0.2042,0.1929,2400,1386,2601,1479
3600,60.0,5L560YP,0.7225,0.2486,0.384,2409,1392,2604,1479
